epoch,lr-AdamW,step,test/auc,test/cold_auc,test/cold_hr@10,test/cold_hr@100,test/cold_hr@200,test/cold_hr@50,test/cold_mrr,test/cold_mrr_corrected,test/cold_ndcg@10,test/cold_ndcg@100,test/cold_ndcg@200,test/cold_ndcg@50,test/few_hr@10,test/few_hr@100,test/few_hr@200,test/few_hr@50,test/few_ndcg@10,test/few_ndcg@100,test/few_ndcg@200,test/few_ndcg@50,test/hr@10,test/hr@100,test/hr@200,test/hr@50,test/mrr,test/mrr_corrected,test/ndcg@10,test/ndcg@100,test/ndcg@200,test/ndcg@50,test/warm_auc,test/warm_hr@10,test/warm_hr@100,test/warm_hr@200,test/warm_hr@50,test/warm_mrr,test/warm_mrr_corrected,test/warm_ndcg@10,test/warm_ndcg@100,test/warm_ndcg@200,test/warm_ndcg@50,test/zero_hr@10,test/zero_hr@100,test/zero_hr@200,test/zero_hr@50,test/zero_ndcg@10,test/zero_ndcg@100,test/zero_ndcg@200,test/zero_ndcg@50,train/loss_epoch,train/loss_step,val/auc,val/cold_auc,val/cold_hr@10,val/cold_hr@100,val/cold_hr@200,val/cold_hr@50,val/cold_mrr,val/cold_mrr_corrected,val/cold_ndcg@10,val/cold_ndcg@100,val/cold_ndcg@200,val/cold_ndcg@50,val/few_hr@10,val/few_hr@100,val/few_hr@200,val/few_hr@50,val/few_ndcg@10,val/few_ndcg@100,val/few_ndcg@200,val/few_ndcg@50,val/hr@10,val/hr@100,val/hr@200,val/hr@50,val/mrr,val/mrr_corrected,val/ndcg@10,val/ndcg@100,val/ndcg@200,val/ndcg@50,val/warm_auc,val/warm_hr@10,val/warm_hr@100,val/warm_hr@200,val/warm_hr@50,val/warm_mrr,val/warm_mrr_corrected,val/warm_ndcg@10,val/warm_ndcg@100,val/warm_ndcg@200,val/warm_ndcg@50,val/zero_hr@10,val/zero_hr@100,val/zero_hr@200,val/zero_hr@50,val/zero_ndcg@10,val/zero_ndcg@100,val/zero_ndcg@200,val/zero_ndcg@50
0,,47,,,,,,,,,,,,,,,,,,,,,,,,,,,,,,,,,,,,,,,,,,,,,,,,,,,,0.7822474241256714,0.32597315311431885,0.00917431153357029,0.01651376113295555,0.022018348798155785,0.011009174399077892,0.0102747967466712,0.005409216973930597,0.006225301418453455,0.0075289527885615826,0.008304190821945667,0.006649848539382219,0.0,0.0,0.0,0.0,0.0,0.0,0.0,0.0,0.029801325872540474,0.20629139244556427,0.3178808093070984,0.12516556680202484,0.01493021473288536,0.01153658702969551,0.011136054061353207,0.044385358691215515,0.05993632599711418,0.03128654509782791,0.8275011777877808,0.03184713423252106,0.22511373460292816,0.34722474217414856,0.1364877074956894,0.015391943976283073,0.012144305743277073,0.011623107828199863,0.048040810972452164,0.06505724787712097,0.03373003751039505,0.009140768088400364,0.01645338162779808,0.021937843412160873,0.010968921706080437,0.00620254036039114,0.007501424755901098,0.008273829706013203,0.00662553496658802
0,,47,,,,,,,,,,,,,,,,,,,,,,,,,,,,,,,,,,,,,,,,,,,,,,,,,,5.020025253295898,,,,,,,,,,,,,,,,,,,,,,,,,,,,,,,,,,,,,,,,,,,,,,,,,,
,0.001,49,,,,,,,,,,,,,,,,,,,,,,,,,,,,,,,,,,,,,,,,,,,,,,,,,,,,,,,,,,,,,,,,,,,,,,,,,,,,,,,,,,,,,,,,,,,,,,,,,,,,
1,,49,,,,,,,,,,,,,,,,,,,,,,,,,,,,,,,,,,,,,,,,,,,,,,,,,,,4.107969760894775,,,,,,,,,,,,,,,,,,,,,,,,,,,,,,,,,,,,,,,,,,,,,,,,,
1,,95,,,,,,,,,,,,,,,,,,,,,,,,,,,,,,,,,,,,,,,,,,,,,,,,,,,,0.8195186257362366,0.31042587757110596,0.00917431153357029,0.01651376113295555,0.020183486863970757,0.012844037264585495,0.008088894188404083,0.0032141844276338816,0.004539952147752047,0.005801928695291281,0.006285350304096937,0.00521997082978487,0.0,0.0,0.0,0.0,0.0,0.0,0.0,0.0,0.07533112913370132,0.32466888427734375,0.43576160073280334,0.22251656651496887,0.0364123173058033,0.03360515832901001,0.036508575081825256,0.08483793586492538,0.10036059468984604,0.06833696365356445,0.8700109124183655,0.08189262449741364,0.35523203015327454,0.4769790768623352,0.24331209063529968,0.03922146186232567,0.03661936894059181,0.03967925161123276,0.0926768109202385,0.1096910834312439,0.07459697872400284,0.009140768088400364,0.01645338162779808,0.020109690725803375,0.01279707532376051,0.0045233522541821,0.005780715029686689,0.006262369453907013,0.005200884770601988
1,,95,,,,,,,,,,,,,,,,,,,,,,,,,,,,,,,,,,,,,,,,,,,,,,,,,,3.826294422149658,,,,,,,,,,,,,,,,,,,,,,,,,,,,,,,,,,,,,,,,,,,,,,,,,,
,0.001,99,,,,,,,,,,,,,,,,,,,,,,,,,,,,,,,,,,,,,,,,,,,,,,,,,,,,,,,,,,,,,,,,,,,,,,,,,,,,,,,,,,,,,,,,,,,,,,,,,,,,
2,,99,,,,,,,,,,,,,,,,,,,,,,,,,,,,,,,,,,,,,,,,,,,,,,,,,,,3.437608003616333,,,,,,,,,,,,,,,,,,,,,,,,,,,,,,,,,,,,,,,,,,,,,,,,,
2,,143,,,,,,,,,,,,,,,,,,,,,,,,,,,,,,,,,,,,,,,,,,,,,,,,,,,,0.8452515006065369,0.3177613317966461,0.0036697247996926308,0.011009174399077892,0.014678899198770523,0.0073394495993852615,0.005900348071008921,0.00099825335200876,0.00134258100297302,0.0028728165198117495,0.003395731095224619,0.002249519107863307,0.0,0.0,0.0,0.0,0.0,0.0,0.0,0.0,0.13278146088123322,0.4193708598613739,0.5395695567131042,0.3135761618614197,0.060029447078704834,0.05773875489830971,0.06713549047708511,0.1234445869922638,0.14025497436523438,0.10627403110265732,0.8975684642791748,0.14558689296245575,0.45987260341644287,0.5916287302970886,0.3439490497112274,0.06539802998304367,0.06336633116006851,0.07366090267896652,0.13540303707122803,0.15382879972457886,0.11659129709005356,0.0036563072353601456,0.010968921706080437,0.014625228941440582,0.007312614470720291,0.0013376721180975437,0.0028623128309845924,0.0033833154011517763,0.0022412941325455904
2,,143,,,,,,,,,,,,,,,,,,,,,,,,,,,,,,,,,,,,,,,,,,,,,,,,,,3.374436378479004,,,,,,,,,,,,,,,,,,,,,,,,,,,,,,,,,,,,,,,,,,,,,,,,,,
,0.001,149,,,,,,,,,,,,,,,,,,,,,,,,,,,,,,,,,,,,,,,,,,,,,,,,,,,,,,,,,,,,,,,,,,,,,,,,,,,,,,,,,,,,,,,,,,,,,,,,,,,,
3,,149,,,,,,,,,,,,,,,,,,,,,,,,,,,,,,,,,,,,,,,,,,,,,,,,,,,3.082540988922119,,,,,,,,,,,,,,,,,,,,,,,,,,,,,,,,,,,,,,,,,,,,,,,,,
3,,191,,,,,,,,,,,,,,,,,,,,,,,,,,,,,,,,,,,,,,,,,,,,,,,,,,,,0.8603671193122864,0.3215598165988922,0.0018348623998463154,0.011009174399077892,0.01651376113295555,0.0073394495993852615,0.0054655722342431545,0.0005726056988351047,0.0006116208387538791,0.0023661896120756865,0.0031143384985625744,0.00178063556086272,0.0,0.0,0.0,0.0,0.0,0.0,0.0,0.0,0.1620860993862152,0.4771523177623749,0.5910596251487732,0.36672186851501465,0.07731705158948898,0.075282521545887,0.0863102525472641,0.14924673736095428,0.1651621162891388,0.1313714236021042,0.9138065576553345,0.177979975938797,0.5233848690986633,0.648043692111969,0.4023657739162445,0.0844433605670929,0.08269233256578445,0.09480993449687958,0.1638144850730896,0.1812341958284378,0.1442243754863739,0.0018281536176800728,0.010968921706080437,0.01645338162779808,0.007312614470720291,0.0006093845586292446,0.0023575383238494396,0.003102951915934682,0.0017741250339895487
3,,191,,,,,,,,,,,,,,,,,,,,,,,,,,,,,,,,,,,,,,,,,,,,,,,,,,3.033965826034546,,,,,,,,,,,,,,,,,,,,,,,,,,,,,,,,,,,,,,,,,,,,,,,,,,
,0.001,199,,,,,,,,,,,,,,,,,,,,,,,,,,,,,,,,,,,,,,,,,,,,,,,,,,,,,,,,,,,,,,,,,,,,,,,,,,,,,,,,,,,,,,,,,,,,,,,,,,,,
4,,199,,,,,,,,,,,,,,,,,,,,,,,,,,,,,,,,,,,,,,,,,,,,,,,,,,,2.8673791885375977,,,,,,,,,,,,,,,,,,,,,,,,,,,,,,,,,,,,,,,,,,,,,,,,,
4,,239,,,,,,,,,,,,,,,,,,,,,,,,,,,,,,,,,,,,,,,,,,,,,,,,,,,,0.8681724667549133,0.3220374584197998,0.0018348623998463154,0.0073394495993852615,0.014678899198770523,0.005504587199538946,0.005551372189074755,0.0006492773536592722,0.0007098217029124498,0.0018517774296924472,0.002896491438150406,0.0015698290662840009,0.0,0.0,0.0,0.0,0.0,0.0,0.0,0.0,0.18543046712875366,0.5089403986930847,0.6198675632476807,0.40182119607925415,0.0889095589518547,0.08701834827661514,0.10032383352518082,0.1652517318725586,0.18074215948581696,0.14788022637367249,0.9223386645317078,0.2036396712064743,0.5586897134780884,0.6798908114433289,0.44112828373908997,0.09717711806297302,0.09558452665805817,0.11020365357398987,0.18145792186260223,0.19838109612464905,0.16239143908023834,0.0018281536176800728,0.007312614470720291,0.014625228941440582,0.005484460853040218,0.0007072263979353011,0.0018450068309903145,0.002885900903493166,0.0015640893252566457
4,,239,,,,,,,,,,,,,,,,,,,,,,,,,,,,,,,,,,,,,,,,,,,,,,,,,,2.834735870361328,,,,,,,,,,,,,,,,,,,,,,,,,,,,,,,,,,,,,,,,,,,,,,,,,,
,0.001,249,,,,,,,,,,,,,,,,,,,,,,,,,,,,,,,,,,,,,,,,,,,,,,,,,,,,,,,,,,,,,,,,,,,,,,,,,,,,,,,,,,,,,,,,,,,,,,,,,,,,
5,,249,,,,,,,,,,,,,,,,,,,,,,,,,,,,,,,,,,,,,,,,,,,,,,,,,,,2.816755771636963,,,,,,,,,,,,,,,,,,,,,,,,,,,,,,,,,,,,,,,,,,,,,,,,,
5,,287,,,,,,,,,,,,,,,,,,,,,,,,,,,,,,,,,,,,,,,,,,,,,,,,,,,,0.8724206686019897,0.3250000774860382,0.0018348623998463154,0.0073394495993852615,0.012844037264585495,0.005504587199538946,0.005369039252400398,0.00045781582593917847,0.0005788346752524376,0.001690342673100531,0.0024282007943838835,0.0013966674450784922,0.0,0.0,0.0,0.0,0.0,0.0,0.0,0.0,0.20082782208919525,0.5326159000396729,0.6377483606338501,0.42682120203971863,0.09445694833993912,0.09265470504760742,0.10785175114870071,0.17483298480510712,0.18953169882297516,0.15765778720378876,0.9267144203186035,0.22056414186954498,0.584713339805603,0.6997269988059998,0.4686078131198883,0.10329277813434601,0.1017988845705986,0.11849121004343033,0.1920054703950882,0.20808884501457214,0.17315591871738434,0.0018281536176800728,0.007312614470720291,0.01279707532376051,0.005484460853040218,0.0005767182447016239,0.001684162300080061,0.002419322496280074,0.0013915607705712318
5,,287,,,,,,,,,,,,,,,,,,,,,,,,,,,,,,,,,,,,,,,,,,,,,,,,,,2.7236766815185547,,,,,,,,,,,,,,,,,,,,,,,,,,,,,,,,,,,,,,,,,,,,,,,,,,
,0.001,299,,,,,,,,,,,,,,,,,,,,,,,,,,,,,,,,,,,,,,,,,,,,,,,,,,,,,,,,,,,,,,,,,,,,,,,,,,,,,,,,,,,,,,,,,,,,,,,,,,,,
6,,299,,,,,,,,,,,,,,,,,,,,,,,,,,,,,,,,,,,,,,,,,,,,,,,,,,,2.6314969062805176,,,,,,,,,,,,,,,,,,,,,,,,,,,,,,,,,,,,,,,,,,,,,,,,,
6,,335,,,,,,,,,,,,,,,,,,,,,,,,,,,,,,,,,,,,,,,,,,,,,,,,,,,,0.8755633234977722,0.3273039758205414,0.0,0.0073394495993852615,0.014678899198770523,0.005504587199538946,0.0052711861208081245,0.0003690912271849811,0.0,0.0015609186375513673,0.002557917730882764,0.001270680921152234,0.0,0.0,0.0,0.0,0.0,0.0,0.0,0.0,0.2067880779504776,0.5442053079605103,0.6475165486335754,0.4341059625148773,0.0994245633482933,0.09767090529203415,0.11303097009658813,0.18095804750919342,0.19538284838199615,0.16305163502693176,0.9299402236938477,0.22729754447937012,0.5974522233009338,0.7102820873260498,0.4766151010990143,0.10876279324293137,0.10732140392065048,0.12424149364233017,0.19875085353851318,0.21450741589069366,0.1790972203016281,0.0,0.007312614470720291,0.014625228941440582,0.005484460853040218,0.0,0.0015552114928141236,0.002548564923927188,0.001266034902073443
6,,335,,,,,,,,,,,,,,,,,,,,,,,,,,,,,,,,,,,,,,,,,,,,,,,,,,2.649702548980713,,,,,,,,,,,,,,,,,,,,,,,,,,,,,,,,,,,,,,,,,,,,,,,,,,
,0.001,349,,,,,,,,,,,,,,,,,,,,,,,,,,,,,,,,,,,,,,,,,,,,,,,,,,,,,,,,,,,,,,,,,,,,,,,,,,,,,,,,,,,,,,,,,,,,,,,,,,,,
7,,349,,,,,,,,,,,,,,,,,,,,,,,,,,,,,,,,,,,,,,,,,,,,,,,,,,,2.672410488128662,,,,,,,,,,,,,,,,,,,,,,,,,,,,,,,,,,,,,,,,,,,,,,,,,
7,,383,,,,,,,,,,,,,,,,,,,,,,,,,,,,,,,,,,,,,,,,,,,,,,,,,,,,0.8775163888931274,0.3323093354701996,0.0,0.0073394495993852615,0.012844037264585495,0.005504587199538946,0.005243323277682066,0.000332099647494033,0.0,0.0015250673750415444,0.00227761035785079,0.001214436488226056,0.0,0.0,0.0,0.0,0.0,0.0,0.0,0.0,0.216059610247612,0.5549668669700623,0.6536424160003662,0.4440397322177887,0.10322510451078415,0.1015019342303276,0.1180952861905098,0.18633829057216644,0.20014426112174988,0.1682942509651184,0.9315904974937439,0.23748862743377686,0.6092811822891235,0.7171974182128906,0.4875341057777405,0.11294305324554443,0.11153605580329895,0.12980809807777405,0.20466828346252441,0.21976888179779053,0.18486540019512177,0.0,0.007312614470720291,0.01279707532376051,0.005484460853040218,0.0,0.001519491313956678,0.002269282704219222,0.0012099961750209332
7,,383,,,,,,,,,,,,,,,,,,,,,,,,,,,,,,,,,,,,,,,,,,,,,,,,,,2.594597101211548,,,,,,,,,,,,,,,,,,,,,,,,,,,,,,,,,,,,,,,,,,,,,,,,,,
,0.001,399,,,,,,,,,,,,,,,,,,,,,,,,,,,,,,,,,,,,,,,,,,,,,,,,,,,,,,,,,,,,,,,,,,,,,,,,,,,,,,,,,,,,,,,,,,,,,,,,,,,,
8,,399,,,,,,,,,,,,,,,,,,,,,,,,,,,,,,,,,,,,,,,,,,,,,,,,,,,2.436160087585449,,,,,,,,,,,,,,,,,,,,,,,,,,,,,,,,,,,,,,,,,,,,,,,,,
8,,431,,,,,,,,,,,,,,,,,,,,,,,,,,,,,,,,,,,,,,,,,,,,,,,,,,,,0.8796479105949402,0.3339678645133972,0.0,0.00917431153357029,0.012844037264585495,0.0036697247996926308,0.00514035951346159,0.00022913608700037003,0.0,0.0016479934565722942,0.0021413015201687813,0.0007425775402225554,0.0,0.0,0.0,0.0,0.0,0.0,0.0,0.0,0.2233443707227707,0.5658940672874451,0.6640728712081909,0.46423840522766113,0.10399618744850159,0.10232490301132202,0.12019980698823929,0.18942119181156158,0.20316605269908905,0.1729377657175064,0.9337689876556396,0.24549590051174164,0.6211100816726685,0.7286624312400818,0.5099180936813354,0.11380080878734589,0.11245088279247284,0.13212135434150696,0.20804472267627716,0.22310389578342438,0.1900162696838379,0.0,0.009140768088400364,0.01279707532376051,0.0036563072353601456,0.0,0.001641967915929854,0.0021334723569452763,0.0007398624438792467
8,,431,,,,,,,,,,,,,,,,,,,,,,,,,,,,,,,,,,,,,,,,,,,,,,,,,,2.5544285774230957,,,,,,,,,,,,,,,,,,,,,,,,,,,,,,,,,,,,,,,,,,,,,,,,,,
,0.001,449,,,,,,,,,,,,,,,,,,,,,,,,,,,,,,,,,,,,,,,,,,,,,,,,,,,,,,,,,,,,,,,,,,,,,,,,,,,,,,,,,,,,,,,,,,,,,,,,,,,,
9,,449,,,,,,,,,,,,,,,,,,,,,,,,,,,,,,,,,,,,,,,,,,,,,,,,,,,2.5956780910491943,,,,,,,,,,,,,,,,,,,,,,,,,,,,,,,,,,,,,,,,,,,,,,,,,
9,,479,,,,,,,,,,,,,,,,,,,,,,,,,,,,,,,,,,,,,,,,,,,,,,,,,,,,0.8807629346847534,0.33352965116500854,0.0,0.0073394495993852615,0.014678899198770523,0.0073394495993852615,0.005177164450287819,0.00027506964397616684,0.0,0.001452564145438373,0.002441113581880927,0.001452564145438373,0.0,0.0,0.0,0.0,0.0,0.0,0.0,0.0,0.22284768521785736,0.5698675513267517,0.6653973460197449,0.4683775007724762,0.10595567524433136,0.10429099202156067,0.12156069278717041,0.19192372262477875,0.20531274378299713,0.17539048194885254,0.9350380301475525,0.24494995176792145,0.625659704208374,0.7299363017082214,0.5141037106513977,0.11595100164413452,0.11460740119218826,0.13361720740795135,0.21081481873989105,0.22543376684188843,0.19264183938503265,0.0,0.007312614470720291,0.014625228941440582,0.007312614470720291,0.0,0.0014472531620413065,0.0024321882519870996,0.0014472531620413065
9,,479,,,,,,,,,,,,,,,,,,,,,,,,,,,,,,,,,,,,,,,,,,,,,,,,,,2.5205631256103516,,,,,,,,,,,,,,,,,,,,,,,,,,,,,,,,,,,,,,,,,,,,,,,,,,
,0.001,499,,,,,,,,,,,,,,,,,,,,,,,,,,,,,,,,,,,,,,,,,,,,,,,,,,,,,,,,,,,,,,,,,,,,,,,,,,,,,,,,,,,,,,,,,,,,,,,,,,,,
10,,499,,,,,,,,,,,,,,,,,,,,,,,,,,,,,,,,,,,,,,,,,,,,,,,,,,,2.474186420440674,,,,,,,,,,,,,,,,,,,,,,,,,,,,,,,,,,,,,,,,,,,,,,,,,
10,,527,,,,,,,,,,,,,,,,,,,,,,,,,,,,,,,,,,,,,,,,,,,,,,,,,,,,0.8828004002571106,0.3441822826862335,0.0,0.00917431153357029,0.014678899198770523,0.005504587199538946,0.005160232540220022,0.00025813726824708283,0.0,0.0016857923474162817,0.00242827832698822,0.0010862908093258739,0.0,0.0,0.0,0.0,0.0,0.0,0.0,0.0,0.2253311276435852,0.5721854567527771,0.6693708896636963,0.47086092829704285,0.10666059702634811,0.10501568019390106,0.12238152325153351,0.1931733787059784,0.2067764848470688,0.17670345306396484,0.9362210035324097,0.2476797103881836,0.628025472164154,0.734303891658783,0.5170154571533203,0.11672750860452652,0.11540563404560089,0.13451945781707764,0.21216531097888947,0.22704391181468964,0.1941213458776474,0.0,0.009140768088400364,0.014625228941440582,0.005484460853040218,0.0,0.0016796286217868328,0.002419399796053767,0.0010823190677911043
10,,527,,,,,,,,,,,,,,,,,,,,,,,,,,,,,,,,,,,,,,,,,,,,,,,,,,2.497521162033081,,,,,,,,,,,,,,,,,,,,,,,,,,,,,,,,,,,,,,,,,,,,,,,,,,
,0.001,549,,,,,,,,,,,,,,,,,,,,,,,,,,,,,,,,,,,,,,,,,,,,,,,,,,,,,,,,,,,,,,,,,,,,,,,,,,,,,,,,,,,,,,,,,,,,,,,,,,,,
11,,549,,,,,,,,,,,,,,,,,,,,,,,,,,,,,,,,,,,,,,,,,,,,,,,,,,,2.5612070560455322,,,,,,,,,,,,,,,,,,,,,,,,,,,,,,,,,,,,,,,,,,,,,,,,,
11,,575,,,,,,,,,,,,,,,,,,,,,,,,,,,,,,,,,,,,,,,,,,,,,,,,,,,,0.8836129903793335,0.3464761972427368,0.0,0.0073394495993852615,0.012844037264585495,0.005504587199538946,0.005129263736307621,0.0002180401497753337,0.0,0.001364799332804978,0.002106621628627181,0.0010601247195154428,0.0,0.0,0.0,0.0,0.0,0.0,0.0,0.0,0.2334437072277069,0.5798013210296631,0.6711920499801636,0.4779801368713379,0.10898705571889877,0.10735119879245758,0.12615488469600677,0.1965716928243637,0.209372416138649,0.18004094064235687,0.9368867874145508,0.2565968930721283,0.6365786790847778,0.7364876866340637,0.524840772151947,0.11928778141736984,0.11797677725553513,0.13866707682609558,0.21593248844146729,0.22992925345897675,0.19779247045516968,0.0,0.007312614470720291,0.01279707532376051,0.005484460853040218,0.0,0.0013598093064501882,0.0020989191252738237,0.0010562485549598932
11,,575,,,,,,,,,,,,,,,,,,,,,,,,,,,,,,,,,,,,,,,,,,,,,,,,,,2.473066568374634,,,,,,,,,,,,,,,,,,,,,,,,,,,,,,,,,,,,,,,,,,,,,,,,,,
,0.001,599,,,,,,,,,,,,,,,,,,,,,,,,,,,,,,,,,,,,,,,,,,,,,,,,,,,,,,,,,,,,,,,,,,,,,,,,,,,,,,,,,,,,,,,,,,,,,,,,,,,,
12,,599,,,,,,,,,,,,,,,,,,,,,,,,,,,,,,,,,,,,,,,,,,,,,,,,,,,2.404081106185913,,,,,,,,,,,,,,,,,,,,,,,,,,,,,,,,,,,,,,,,,,,,,,,,,
12,,623,,,,,,,,,,,,,,,,,,,,,,,,,,,,,,,,,,,,,,,,,,,,,,,,,,,,0.8848537802696228,0.34841063618659973,0.0,0.00917431153357029,0.012844037264585495,0.0036697247996926308,0.00511421263217926,0.00020298859453760087,0.0,0.001601874129846692,0.002097467193379998,0.0006967539084143937,0.0,0.0,0.0,0.0,0.0,0.0,0.0,0.0,0.2268211990594864,0.5811258554458618,0.6774834394454956,0.4796357750892639,0.11089888215065002,0.10929432511329651,0.12584081292152405,0.19824548065662384,0.2117258608341217,0.18169145286083221,0.9380587339401245,0.24931755661964417,0.6378526091575623,0.7434030771255493,0.5268425941467285,0.12139071524143219,0.12011411041021347,0.13832183182239532,0.21774877607822418,0.2325170338153839,0.19964268803596497,0.0,0.009140768088400364,0.01279707532376051,0.0036563072353601456,0.0,0.0015960173914209008,0.0020897984504699707,0.0006942063919268548
12,,623,,,,,,,,,,,,,,,,,,,,,,,,,,,,,,,,,,,,,,,,,,,,,,,,,,2.453970432281494,,,,,,,,,,,,,,,,,,,,,,,,,,,,,,,,,,,,,,,,,,,,,,,,,,
,0.001,649,,,,,,,,,,,,,,,,,,,,,,,,,,,,,,,,,,,,,,,,,,,,,,,,,,,,,,,,,,,,,,,,,,,,,,,,,,,,,,,,,,,,,,,,,,,,,,,,,,,,
13,,649,,,,,,,,,,,,,,,,,,,,,,,,,,,,,,,,,,,,,,,,,,,,,,,,,,,2.494581699371338,,,,,,,,,,,,,,,,,,,,,,,,,,,,,,,,,,,,,,,,,,,,,,,,,
13,,671,,,,,,,,,,,,,,,,,,,,,,,,,,,,,,,,,,,,,,,,,,,,,,,,,,,,0.8844969272613525,0.3530595898628235,0.0,0.0073394495993852615,0.011009174399077892,0.0,0.005051173735409975,0.0001308214123127982,0.0,0.0011938029201701283,0.001702489098533988,0.0,0.0,0.0,0.0,0.0,0.0,0.0,0.0,0.0,0.2349337786436081,0.5846026539802551,0.6741722226142883,0.4791390895843506,0.10777315497398376,0.10615210980176926,0.1256430298089981,0.19649332761764526,0.20907457172870636,0.1793307662010193,0.93720543384552,0.25823473930358887,0.6418561935424805,0.7399454116821289,0.5266605615615845,0.11796122044324875,0.11666742712259293,0.13810443878173828,0.21586336195468903,0.22964195907115936,0.19711698591709137,0.0,0.007312614470720291,0.010968921706080437,0.0,0.0,0.0011894380440935493,0.0016962643712759018,0.0
13,,671,,,,,,,,,,,,,,,,,,,,,,,,,,,,,,,,,,,,,,,,,,,,,,,,,,2.4364147186279297,,,,,,,,,,,,,,,,,,,,,,,,,,,,,,,,,,,,,,,,,,,,,,,,,,
,0.001,699,,,,,,,,,,,,,,,,,,,,,,,,,,,,,,,,,,,,,,,,,,,,,,,,,,,,,,,,,,,,,,,,,,,,,,,,,,,,,,,,,,,,,,,,,,,,,,,,,,,,
14,,699,,,,,,,,,,,,,,,,,,,,,,,,,,,,,,,,,,,,,,,,,,,,,,,,,,,2.4308207035064697,,,,,,,,,,,,,,,,,,,,,,,,,,,,,,,,,,,,,,,,,,,,,,,,,
14,,719,,,,,,,,,,,,,,,,,,,,,,,,,,,,,,,,,,,,,,,,,,,,,,,,,,,,0.8862617611885071,0.3604852259159088,0.0,0.0073394495993852615,0.011009174399077892,0.0018348623998463154,0.005079166032373905,0.00015881418948993087,0.0,0.0012446108739823103,0.0017627308843657374,0.00036374287446960807,0.0,0.0,0.0,0.0,0.0,0.0,0.0,0.0,0.24139073491096497,0.5821192264556885,0.6791390776634216,0.4864238500595093,0.11327589303255081,0.1116795763373375,0.13139094412326813,0.20073634386062622,0.21435248851776123,0.18520089983940125,0.9384088516235352,0.26533210277557373,0.6391264796257019,0.7454048991203308,0.5344858765602112,0.1240069642663002,0.12274032831192017,0.14442244172096252,0.22052216529846191,0.2354373335838318,0.20353323221206665,0.0,0.007312614470720291,0.010968921706080437,0.0018281536176800728,0.0,0.0012400601990520954,0.0017562857829034328,0.0003624129167292267
14,,719,,,,,,,,,,,,,,,,,,,,,,,,,,,,,,,,,,,,,,,,,,,,,,,,,,2.419603109359741,,,,,,,,,,,,,,,,,,,,,,,,,,,,,,,,,,,,,,,,,,,,,,,,,,
,0.001,749,,,,,,,,,,,,,,,,,,,,,,,,,,,,,,,,,,,,,,,,,,,,,,,,,,,,,,,,,,,,,,,,,,,,,,,,,,,,,,,,,,,,,,,,,,,,,,,,,,,,
15,,749,,,,,,,,,,,,,,,,,,,,,,,,,,,,,,,,,,,,,,,,,,,,,,,,,,,2.4371633529663086,,,,,,,,,,,,,,,,,,,,,,,,,,,,,,,,,,,,,,,,,,,,,,,,,
15,,767,,,,,,,,,,,,,,,,,,,,,,,,,,,,,,,,,,,,,,,,,,,,,,,,,,,,0.8861809372901917,0.366100013256073,0.0,0.005504587199538946,0.011009174399077892,0.0,0.005024261772632599,0.00010390945681137964,0.0,0.0008617942221462727,0.0016216026851907372,0.0,0.0,0.0,0.0,0.0,0.0,0.0,0.0,0.0,0.2380794733762741,0.5910596251487732,0.6837748289108276,0.49056291580200195,0.11560793220996857,0.11403467506170273,0.13214759528636932,0.20409651100635529,0.21707622706890106,0.1877908706665039,0.937762975692749,0.26169243454933167,0.6491355895996094,0.7505004405975342,0.539217472076416,0.12657573819160461,0.1253344565629959,0.14525412023067474,0.22425353527069092,0.2384452372789383,0.20641615986824036,0.0,0.005484460853040218,0.010968921706080437,0.0,0.0,0.000858643208630383,0.0016156736528500915,0.0
15,,767,,,,,,,,,,,,,,,,,,,,,,,,,,,,,,,,,,,,,,,,,,,,,,,,,,2.407489776611328,,,,,,,,,,,,,,,,,,,,,,,,,,,,,,,,,,,,,,,,,,,,,,,,,,
,0.001,799,,,,,,,,,,,,,,,,,,,,,,,,,,,,,,,,,,,,,,,,,,,,,,,,,,,,,,,,,,,,,,,,,,,,,,,,,,,,,,,,,,,,,,,,,,,,,,,,,,,,
16,,799,,,,,,,,,,,,,,,,,,,,,,,,,,,,,,,,,,,,,,,,,,,,,,,,,,,2.4372220039367676,,,,,,,,,,,,,,,,,,,,,,,,,,,,,,,,,,,,,,,,,,,,,,,,,
16,,815,,,,,,,,,,,,,,,,,,,,,,,,,,,,,,,,,,,,,,,,,,,,,,,,,,,,0.8865331411361694,0.36208829283714294,0.0,0.0073394495993852615,0.012844037264585495,0.0,0.005047238431870937,0.00013601493265014142,0.0,0.0011881206883117557,0.0019285486778244376,0.0,0.0,0.0,0.0,0.0,0.0,0.0,0.0,0.0,0.2407284826040268,0.5907284617424011,0.6794701814651489,0.48940399289131165,0.11279942095279694,0.11120474338531494,0.13071471452713013,0.2020975947380066,0.21454566717147827,0.18562661111354828,0.9385481476783752,0.2646041810512543,0.6485896110534668,0.7455868721008301,0.5379436016082764,0.12348639219999313,0.12222065776586533,0.14367912709712982,0.22202396392822266,0.2356332689523697,0.20403726398944855,0.0,0.007312614470720291,0.01279707532376051,0.0,0.0,0.0011837766505777836,0.001921497518196702,0.0
16,,815,,,,,,,,,,,,,,,,,,,,,,,,,,,,,,,,,,,,,,,,,,,,,,,,,,2.394239902496338,,,,,,,,,,,,,,,,,,,,,,,,,,,,,,,,,,,,,,,,,,,,,,,,,,
,0.001,849,,,,,,,,,,,,,,,,,,,,,,,,,,,,,,,,,,,,,,,,,,,,,,,,,,,,,,,,,,,,,,,,,,,,,,,,,,,,,,,,,,,,,,,,,,,,,,,,,,,,
17,,849,,,,,,,,,,,,,,,,,,,,,,,,,,,,,,,,,,,,,,,,,,,,,,,,,,,2.276526927947998,,,,,,,,,,,,,,,,,,,,,,,,,,,,,,,,,,,,,,,,,,,,,,,,,
17,,863,,,,,,,,,,,,,,,,,,,,,,,,,,,,,,,,,,,,,,,,,,,,,,,,,,,,0.8892523050308228,0.374641478061676,0.0,0.0036697247996926308,0.011009174399077892,0.0,0.005023585166782141,0.00010323301830794662,0.0,0.0005843640537932515,0.0016192181501537561,0.0,0.0,0.0,0.0,0.0,0.0,0.0,0.0,0.0,0.24238410592079163,0.5897350907325745,0.6880794763565063,0.4887417256832123,0.11614422500133514,0.11459238827228546,0.13360536098480225,0.20458444952964783,0.21841204166412354,0.18812620639801025,0.9402919411659241,0.2664240300655365,0.647861659526825,0.755232036113739,0.5372156500816345,0.1271653026342392,0.12594754993915558,0.14685648679733276,0.2248173952102661,0.23991379141807556,0.20678475499153137,0.0,0.0036563072353601456,0.010968921706080437,0.0,0.0,0.0005822274251841009,0.0016132978489622474,0.0
17,,863,,,,,,,,,,,,,,,,,,,,,,,,,,,,,,,,,,,,,,,,,,,,,,,,,,2.385148763656616,,,,,,,,,,,,,,,,,,,,,,,,,,,,,,,,,,,,,,,,,,,,,,,,,,
,0.001,899,,,,,,,,,,,,,,,,,,,,,,,,,,,,,,,,,,,,,,,,,,,,,,,,,,,,,,,,,,,,,,,,,,,,,,,,,,,,,,,,,,,,,,,,,,,,,,,,,,,,
18,,899,,,,,,,,,,,,,,,,,,,,,,,,,,,,,,,,,,,,,,,,,,,,,,,,,,,2.334620714187622,,,,,,,,,,,,,,,,,,,,,,,,,,,,,,,,,,,,,,,,,,,,,,,,,
18,,911,,,,,,,,,,,,,,,,,,,,,,,,,,,,,,,,,,,,,,,,,,,,,,,,,,,,0.8901060223579407,0.3775143623352051,0.0,0.0036697247996926308,0.012844037264585495,0.0,0.005014248192310333,0.00010302449663868174,0.0,0.0005667347577400506,0.001830842113122344,0.0,0.0,0.0,0.0,0.0,0.0,0.0,0.0,0.0,0.2438741773366928,0.5966887474060059,0.689072847366333,0.49023178219795227,0.11489876359701157,0.11335186660289764,0.1330854892730713,0.2047840654850006,0.21769821643829346,0.1875011920928955,0.9409453868865967,0.26806187629699707,0.6555050015449524,0.7561419606208801,0.5388534665107727,0.12579722702503204,0.12458400428295135,0.1462850421667099,0.2250385582447052,0.23910817503929138,0.20609775185585022,0.0,0.0036563072353601456,0.01279707532376051,0.0,0.0,0.000564662623219192,0.0018241479992866516,0.0
18,,911,,,,,,,,,,,,,,,,,,,,,,,,,,,,,,,,,,,,,,,,,,,,,,,,,,2.375422239303589,,,,,,,,,,,,,,,,,,,,,,,,,,,,,,,,,,,,,,,,,,,,,,,,,,
,0.001,949,,,,,,,,,,,,,,,,,,,,,,,,,,,,,,,,,,,,,,,,,,,,,,,,,,,,,,,,,,,,,,,,,,,,,,,,,,,,,,,,,,,,,,,,,,,,,,,,,,,,
19,,949,,,,,,,,,,,,,,,,,,,,,,,,,,,,,,,,,,,,,,,,,,,,,,,,,,,2.4529812335968018,,,,,,,,,,,,,,,,,,,,,,,,,,,,,,,,,,,,,,,,,,,,,,,,,
19,,959,,,,,,,,,,,,,,,,,,,,,,,,,,,,,,,,,,,,,,,,,,,,,,,,,,,,0.8893639445304871,0.3776565194129944,0.0,0.005504587199538946,0.011009174399077892,0.0,0.005032054614275694,0.0001117023202823475,0.0,0.0008796167094260454,0.001640378381125629,0.0,0.0,0.0,0.0,0.0,0.0,0.0,0.0,0.0,0.24685430526733398,0.5948675870895386,0.6908940672874451,0.4910596013069153,0.11554987728595734,0.11401204764842987,0.1342281550168991,0.20510925352573395,0.21855586767196655,0.18822017312049866,0.9401156306266785,0.2713375687599182,0.6533212065696716,0.7583257555961609,0.5397633910179138,0.12651115655899048,0.1253087967634201,0.14754104614257812,0.22536498308181763,0.24006977677345276,0.20688804984092712,0.0,0.005484460853040218,0.010968921706080437,0.0,0.0,0.0008764005615375936,0.0016343806637451053,0.0
19,,959,,,,,,,,,,,,,,,,,,,,,,,,,,,,,,,,,,,,,,,,,,,,,,,,,,2.364837169647217,,,,,,,,,,,,,,,,,,,,,,,,,,,,,,,,,,,,,,,,,,,,,,,,,,
,0.001,999,,,,,,,,,,,,,,,,,,,,,,,,,,,,,,,,,,,,,,,,,,,,,,,,,,,,,,,,,,,,,,,,,,,,,,,,,,,,,,,,,,,,,,,,,,,,,,,,,,,,
20,,999,,,,,,,,,,,,,,,,,,,,,,,,,,,,,,,,,,,,,,,,,,,,,,,,,,,2.3309972286224365,,,,,,,,,,,,,,,,,,,,,,,,,,,,,,,,,,,,,,,,,,,,,,,,,
20,,1007,,,,,,,,,,,,,,,,,,,,,,,,,,,,,,,,,,,,,,,,,,,,,,,,,,,,0.8896160125732422,0.38011059165000916,0.0,0.0018348623998463154,0.012844037264585495,0.0,0.005016166251152754,0.00010494281013961881,0.0,0.00029549497412517667,0.0018378474051132798,0.0,0.0,0.0,0.0,0.0,0.0,0.0,0.0,0.0,0.24470199644565582,0.5918874144554138,0.6912251710891724,0.4935430586338043,0.11578059941530228,0.11424442380666733,0.13391415774822235,0.20488277077674866,0.21879906952381134,0.18884605169296265,0.9401493072509766,0.2689718008041382,0.650409460067749,0.7585077285766602,0.5424931645393372,0.12676633894443512,0.12556488811969757,0.14719590544700623,0.2251739650964737,0.24031749367713928,0.2075759917497635,0.0,0.0018281536176800728,0.01279707532376051,0.0,0.0,0.00029441455262713134,0.0018311277963221073,0.0
20,,1007,,,,,,,,,,,,,,,,,,,,,,,,,,,,,,,,,,,,,,,,,,,,,,,,,,2.357219934463501,,,,,,,,,,,,,,,,,,,,,,,,,,,,,,,,,,,,,,,,,,,,,,,,,,
,0.001,1049,,,,,,,,,,,,,,,,,,,,,,,,,,,,,,,,,,,,,,,,,,,,,,,,,,,,,,,,,,,,,,,,,,,,,,,,,,,,,,,,,,,,,,,,,,,,,,,,,,,,
21,,1049,,,,,,,,,,,,,,,,,,,,,,,,,,,,,,,,,,,,,,,,,,,,,,,,,,,2.424964666366577,,,,,,,,,,,,,,,,,,,,,,,,,,,,,,,,,,,,,,,,,,,,,,,,,
21,,1055,,,,,,,,,,,,,,,,,,,,,,,,,,,,,,,,,,,,,,,,,,,,,,,,,,,,0.8901820778846741,0.3786240816116333,0.0,0.0073394495993852615,0.01651376113295555,0.0018348623998463154,0.005066948011517525,0.00017398179625160992,0.0,0.0012109570670872927,0.002466596430167556,0.00034027345827780664,0.0,0.0,0.0,0.0,0.0,0.0,0.0,0.0,0.24453642964363098,0.5978477001190186,0.6900662183761597,0.494536429643631,0.11625196784734726,0.1147100105881691,0.1342385709285736,0.20606863498687744,0.21899685263633728,0.1892998069524765,0.9409189224243164,0.26878979802131653,0.6564149260520935,0.7568698525428772,0.5434030890464783,0.12727941572666168,0.1260698139667511,0.147552490234375,0.22638662159442902,0.24047255516052246,0.2080409973859787,0.0,0.007312614470720291,0.01645338162779808,0.0018281536176800728,0.0,0.0012065294431522489,0.002457577735185623,0.0003390293277334422
21,,1055,,,,,,,,,,,,,,,,,,,,,,,,,,,,,,,,,,,,,,,,,,,,,,,,,,2.348313093185425,,,,,,,,,,,,,,,,,,,,,,,,,,,,,,,,,,,,,,,,,,,,,,,,,,
,0.001,1099,,,,,,,,,,,,,,,,,,,,,,,,,,,,,,,,,,,,,,,,,,,,,,,,,,,,,,,,,,,,,,,,,,,,,,,,,,,,,,,,,,,,,,,,,,,,,,,,,,,,
22,,1099,,,,,,,,,,,,,,,,,,,,,,,,,,,,,,,,,,,,,,,,,,,,,,,,,,,2.4442496299743652,,,,,,,,,,,,,,,,,,,,,,,,,,,,,,,,,,,,,,,,,,,,,,,,,
22,,1103,,,,,,,,,,,,,,,,,,,,,,,,,,,,,,,,,,,,,,,,,,,,,,,,,,,,0.8901469111442566,0.38887906074523926,0.0,0.005504587199538946,0.01834862306714058,0.0,0.005030997097492218,0.00014715894940309227,0.0,0.0008640459855087101,0.0026103558484464884,0.0,0.0,0.0,0.0,0.0,0.0,0.0,0.0,0.0,0.24718543887138367,0.5973510146141052,0.6918874382972717,0.4988410770893097,0.11464125663042068,0.11310835182666779,0.13360020518302917,0.2049691379070282,0.21820010244846344,0.1889752745628357,0.9398630857467651,0.27170154452323914,0.6560509204864502,0.7586897015571594,0.5483166575431824,0.1255125105381012,0.12431196123361588,0.1468508094549179,0.22521249949932098,0.23958249390125275,0.20771801471710205,0.0,0.005484460853040218,0.018281536176800728,0.0,0.0,0.0008608868229202926,0.002600811654701829,0.0
22,,1103,,,,,,,,,,,,,,,,,,,,,,,,,,,,,,,,,,,,,,,,,,,,,,,,,,2.341724157333374,,,,,,,,,,,,,,,,,,,,,,,,,,,,,,,,,,,,,,,,,,,,,,,,,,
,0.001,1149,,,,,,,,,,,,,,,,,,,,,,,,,,,,,,,,,,,,,,,,,,,,,,,,,,,,,,,,,,,,,,,,,,,,,,,,,,,,,,,,,,,,,,,,,,,,,,,,,,,,
23,,1149,,,,,,,,,,,,,,,,,,,,,,,,,,,,,,,,,,,,,,,,,,,,,,,,,,,2.2642364501953125,,,,,,,,,,,,,,,,,,,,,,,,,,,,,,,,,,,,,,,,,,,,,,,,,
23,,1151,,,,,,,,,,,,,,,,,,,,,,,,,,,,,,,,,,,,,,,,,,,,,,,,,,,,0.8918777108192444,0.3957481384277344,0.0,0.0036697247996926308,0.01651376113295555,0.0,0.005021809134632349,0.00012884312309324741,0.0,0.0005767513066530228,0.002339091617614031,0.0,0.0,0.0,0.0,0.0,0.0,0.0,0.0,0.0,0.24817880988121033,0.5995033383369446,0.6915562748908997,0.5019867420196533,0.11694850772619247,0.11541396379470825,0.13560724258422852,0.20730651915073395,0.2202177196741104,0.19149994850158691,0.9410843849182129,0.2727934420108795,0.6585987210273743,0.7585077285766602,0.5517743229866028,0.12804952263832092,0.12684807181358337,0.14905691146850586,0.22781021893024445,0.24182717502117157,0.21049313247203827,0.0,0.0036563072353601456,0.01645338162779808,0.0,0.0,0.0005746425013057888,0.002330539282411337,0.0
23,,1151,,,,,,,,,,,,,,,,,,,,,,,,,,,,,,,,,,,,,,,,,,,,,,,,,,2.3372385501861572,,,,,,,,,,,,,,,,,,,,,,,,,,,,,,,,,,,,,,,,,,,,,,,,,,
,0.001,1199,,,,,,,,,,,,,,,,,,,,,,,,,,,,,,,,,,,,,,,,,,,,,,,,,,,,,,,,,,,,,,,,,,,,,,,,,,,,,,,,,,,,,,,,,,,,,,,,,,,,
24,,1199,,,,,,,,,,,,,,,,,,,,,,,,,,,,,,,,,,,,,,,,,,,,,,,,,,,2.758584976196289,,,,,,,,,,,,,,,,,,,,,,,,,,,,,,,,,,,,,,,,,,,,,,,,,
24,,1199,,,,,,,,,,,,,,,,,,,,,,,,,,,,,,,,,,,,,,,,,,,,,,,,,,,,0.8911821842193604,0.3914453089237213,0.0,0.005504587199538946,0.01651376113295555,0.0,0.005033526103943586,0.0001405598159180954,0.0,0.0008635543053969741,0.0023808986879885197,0.0,0.0,0.0,0.0,0.0,0.0,0.0,0.0,0.0,0.24685430526733398,0.6036424040794373,0.6887417435646057,0.501655638217926,0.1148177832365036,0.11326924711465836,0.133727565407753,0.2059573233127594,0.21786589920520782,0.18942590057849884,0.940746545791626,0.2713375687599182,0.6629663109779358,0.7554140090942383,0.5514103770256042,0.12570630013942719,0.12448945641517639,0.1469908058643341,0.2262987196445465,0.2392379492521286,0.20821334421634674,0.0,0.005484460853040218,0.01645338162779808,0.0,0.0,0.000860396889038384,0.002372193383052945,0.0
24,,1199,,,,,,,,,,,,,,,,,,,,,,,,,,,,,,,,,,,,,,,,,,,,,,,,,,2.3294544219970703,,,,,,,,,,,,,,,,,,,,,,,,,,,,,,,,,,,,,,,,,,,,,,,,,,
25,,1247,,,,,,,,,,,,,,,,,,,,,,,,,,,,,,,,,,,,,,,,,,,,,,,,,,,,0.8927761912345886,0.39798325300216675,0.0,0.0073394495993852615,0.020183486863970757,0.0,0.005050154868513346,0.0001754459080984816,0.0,0.0011687696678563952,0.0029140703845769167,0.0,0.0,0.0,0.0,0.0,0.0,0.0,0.0,0.0,0.2465231865644455,0.6031457185745239,0.6935430765151978,0.49751657247543335,0.1167910173535347,0.115266352891922,0.13498707115650177,0.20765888690948486,0.2203584462404251,0.1904517561197281,0.9418503642082214,0.2709735929965973,0.662238359451294,0.7603275775909424,0.5468607544898987,0.12787359952926636,0.12668119370937347,0.14837521314620972,0.2281387746334076,0.24192477762699127,0.20934095978736877,0.0,0.007312614470720291,0.020109690725803375,0.0,0.0,0.0011644962942227721,0.002903415821492672,0.0
25,,1247,,,,,,,,,,,,,,,,,,,,,,,,,,,,,,,,,,,,,,,,,,,,,,,,,,2.3238790035247803,,,,,,,,,,,,,,,,,,,,,,,,,,,,,,,,,,,,,,,,,,,,,,,,,,
,0.001,1249,,,,,,,,,,,,,,,,,,,,,,,,,,,,,,,,,,,,,,,,,,,,,,,,,,,,,,,,,,,,,,,,,,,,,,,,,,,,,,,,,,,,,,,,,,,,,,,,,,,,
26,,1249,,,,,,,,,,,,,,,,,,,,,,,,,,,,,,,,,,,,,,,,,,,,,,,,,,,2.2683866024017334,,,,,,,,,,,,,,,,,,,,,,,,,,,,,,,,,,,,,,,,,,,,,,,,,
26,,1295,,,,,,,,,,,,,,,,,,,,,,,,,,,,,,,,,,,,,,,,,,,,,,,,,,,,0.8927383422851562,0.4033477306365967,0.0,0.0073394495993852615,0.020183486863970757,0.0018348623998463154,0.005069670733064413,0.0001949618454091251,0.0,0.0012023013550788164,0.0029598744586110115,0.000347156630596146,0.0,0.0,0.0,0.0,0.0,0.0,0.0,0.0,0.24817880988121033,0.5985099673271179,0.6920530200004578,0.49867549538612366,0.11705606430768967,0.11552399396896362,0.13571667671203613,0.2072412371635437,0.22036729753017426,0.19102750718593597,0.9412766695022583,0.2727934420108795,0.6571428179740906,0.7586897015571594,0.5479526519775391,0.12816298007965088,0.12696242332458496,0.1491772085428238,0.2276764065027237,0.24192997813224792,0.2099393904209137,0.0,0.007312614470720291,0.020109690725803375,0.0018281536176800728,0.0,0.0011979053961113095,0.002949052257463336,0.00034588732523843646
26,,1295,,,,,,,,,,,,,,,,,,,,,,,,,,,,,,,,,,,,,,,,,,,,,,,,,,2.318445920944214,,,,,,,,,,,,,,,,,,,,,,,,,,,,,,,,,,,,,,,,,,,,,,,,,,
,0.001,1299,,,,,,,,,,,,,,,,,,,,,,,,,,,,,,,,,,,,,,,,,,,,,,,,,,,,,,,,,,,,,,,,,,,,,,,,,,,,,,,,,,,,,,,,,,,,,,,,,,,,
27,,1299,,,,,,,,,,,,,,,,,,,,,,,,,,,,,,,,,,,,,,,,,,,,,,,,,,,2.1399085521698,,,,,,,,,,,,,,,,,,,,,,,,,,,,,,,,,,,,,,,,,,,,,,,,,
27,,1343,,,,,,,,,,,,,,,,,,,,,,,,,,,,,,,,,,,,,,,,,,,,,,,,,,,,0.8930533528327942,0.4081174433231354,0.0,0.0073394495993852615,0.022018348798155785,0.0,0.0050539541989564896,0.0001883741351775825,0.0,0.0011463380651548505,0.0031807457562536,0.0,0.0,0.0,0.0,0.0,0.0,0.0,0.0,0.0,0.24685430526733398,0.6052980422973633,0.6920530200004578,0.5021523237228394,0.11858447641134262,0.11705241352319717,0.13639990985393524,0.20971764624118805,0.22191296517848969,0.19296321272850037,0.9411497712135315,0.2713375687599182,0.6646041870117188,0.7585077285766602,0.551956295967102,0.1298445612192154,0.12864311039447784,0.14992818236351013,0.23040398955345154,0.2436070442199707,0.2121015042066574,0.0,0.007312614470720291,0.021937843412160873,0.0,0.0,0.0011421467643231153,0.003169116098433733,0.0
27,,1343,,,,,,,,,,,,,,,,,,,,,,,,,,,,,,,,,,,,,,,,,,,,,,,,,,2.3141088485717773,,,,,,,,,,,,,,,,,,,,,,,,,,,,,,,,,,,,,,,,,,,,,,,,,,
,0.001,1349,,,,,,,,,,,,,,,,,,,,,,,,,,,,,,,,,,,,,,,,,,,,,,,,,,,,,,,,,,,,,,,,,,,,,,,,,,,,,,,,,,,,,,,,,,,,,,,,,,,,
28,,1349,,,,,,,,,,,,,,,,,,,,,,,,,,,,,,,,,,,,,,,,,,,,,,,,,,,2.1497154235839844,,,,,,,,,,,,,,,,,,,,,,,,,,,,,,,,,,,,,,,,,,,,,,,,,
28,,1391,,,,,,,,,,,,,,,,,,,,,,,,,,,,,,,,,,,,,,,,,,,,,,,,,,,,0.8938779830932617,0.4076293706893921,0.0,0.00917431153357029,0.027522936463356018,0.0,0.005072652827948332,0.00023445863917004317,0.0,0.0014275723369792104,0.003968406934291124,0.0,0.0,0.0,0.0,0.0,0.0,0.0,0.0,0.0,0.24817880988121033,0.6046357750892639,0.6932119131088257,0.5034768581390381,0.11792317777872086,0.11639687418937683,0.13598525524139404,0.2090587466955185,0.22146707773208618,0.1926019787788391,0.9421046376228333,0.2727934420108795,0.6636942625045776,0.759235680103302,0.5534121990203857,0.12911581993103027,0.12791797518730164,0.1494724154472351,0.2296518236398697,0.24303880333900452,0.21170443296432495,0.0,0.009140768088400364,0.027422305196523666,0.0,0.0,0.001422352739609778,0.0039538973942399025,0.0
28,,1391,,,,,,,,,,,,,,,,,,,,,,,,,,,,,,,,,,,,,,,,,,,,,,,,,,2.3099513053894043,,,,,,,,,,,,,,,,,,,,,,,,,,,,,,,,,,,,,,,,,,,,,,,,,,
,0.001,1399,,,,,,,,,,,,,,,,,,,,,,,,,,,,,,,,,,,,,,,,,,,,,,,,,,,,,,,,,,,,,,,,,,,,,,,,,,,,,,,,,,,,,,,,,,,,,,,,,,,,
29,,1399,,,,,,,,,,,,,,,,,,,,,,,,,,,,,,,,,,,,,,,,,,,,,,,,,,,2.258117914199829,,,,,,,,,,,,,,,,,,,,,,,,,,,,,,,,,,,,,,,,,,,,,,,,,
29,,1439,,,,,,,,,,,,,,,,,,,,,,,,,,,,,,,,,,,,,,,,,,,,,,,,,,,,0.8944987654685974,0.41216981410980225,0.0,0.00917431153357029,0.027522936463356018,0.0,0.005075726192444563,0.00023753194545861334,0.0,0.0014421322848647833,0.003980306908488274,0.0,0.0,0.0,0.0,0.0,0.0,0.0,0.0,0.0,0.25049668550491333,0.6061258316040039,0.692218542098999,0.5041390657424927,0.11587473750114441,0.11434348672628403,0.13516086339950562,0.20783452689647675,0.21988514065742493,0.19132885336875916,0.9423365592956543,0.2753412127494812,0.6653320789337158,0.7581437230110168,0.5541400909423828,0.12686389684677124,0.12566062808036804,0.14856627583503723,0.22830475866794586,0.24129880964756012,0.21030506491661072,0.0,0.009140768088400364,0.027422305196523666,0.0,0.0,0.001436859485693276,0.003965753596276045,0.0
29,,1439,,,,,,,,,,,,,,,,,,,,,,,,,,,,,,,,,,,,,,,,,,,,,,,,,,2.3061094284057617,,,,,,,,,,,,,,,,,,,,,,,,,,,,,,,,,,,,,,,,,,,,,,,,,,
,0.001,1449,,,,,,,,,,,,,,,,,,,,,,,,,,,,,,,,,,,,,,,,,,,,,,,,,,,,,,,,,,,,,,,,,,,,,,,,,,,,,,,,,,,,,,,,,,,,,,,,,,,,
30,,1449,,,,,,,,,,,,,,,,,,,,,,,,,,,,,,,,,,,,,,,,,,,,,,,,,,,2.356236457824707,,,,,,,,,,,,,,,,,,,,,,,,,,,,,,,,,,,,,,,,,,,,,,,,,
30,,1487,,,,,,,,,,,,,,,,,,,,,,,,,,,,,,,,,,,,,,,,,,,,,,,,,,,,0.8937134742736816,0.4088066518306732,0.0,0.0073394495993852615,0.031192660331726074,0.0,0.0050736344419419765,0.0002536973333917558,0.0,0.0011644356418401003,0.004448163788765669,0.0,0.0,0.0,0.0,0.0,0.0,0.0,0.0,0.0,0.2526490092277527,0.6077814698219299,0.6945364475250244,0.5044702291488647,0.11508936434984207,0.11356965452432632,0.13515974581241608,0.20737816393375397,0.21953387558460236,0.19060221314430237,0.941806972026825,0.2777070105075836,0.6673339009284973,0.7603275775909424,0.5545040965080261,0.12600083649158478,0.12480843812227249,0.14856503903865814,0.2278306484222412,0.24086631834506989,0.2095063328742981,0.0,0.007312614470720291,0.031078610569238663,0.0,0.0,0.0011601782171055675,0.004431900102645159,0.0
30,,1487,,,,,,,,,,,,,,,,,,,,,,,,,,,,,,,,,,,,,,,,,,,,,,,,,,2.3006186485290527,,,,,,,,,,,,,,,,,,,,,,,,,,,,,,,,,,,,,,,,,,,,,,,,,,
,0.001,1499,,,,,,,,,,,,,,,,,,,,,,,,,,,,,,,,,,,,,,,,,,,,,,,,,,,,,,,,,,,,,,,,,,,,,,,,,,,,,,,,,,,,,,,,,,,,,,,,,,,,
31,,1499,,,,,,,,,,,,,,,,,,,,,,,,,,,,,,,,,,,,,,,,,,,,,,,,,,,2.333610773086548,,,,,,,,,,,,,,,,,,,,,,,,,,,,,,,,,,,,,,,,,,,,,,,,,
31,,1535,,,,,,,,,,,,,,,,,,,,,,,,,,,,,,,,,,,,,,,,,,,,,,,,,,,,0.8947660326957703,0.41656914353370667,0.0,0.00917431153357029,0.01834862306714058,0.0,0.005062378942966461,0.00017854126053862274,0.0,0.001431149779818952,0.0027284298557788134,0.0,0.0,0.0,0.0,0.0,0.0,0.0,0.0,0.0,0.24834437668323517,0.6076158881187439,0.6913907527923584,0.5067880749702454,0.11594410985708237,0.11440874636173248,0.13456448912620544,0.20817838609218597,0.21994419395923615,0.19182181358337402,0.9421940445899963,0.2729754149913788,0.6669699549674988,0.7581437230110168,0.5570518374443054,0.1269414871931076,0.1257382184267044,0.14791074395179749,0.22868378460407257,0.24148786067962646,0.2108469009399414,0.0,0.009140768088400364,0.018281536176800728,0.0,0.0,0.0014259170275181532,0.0027184539940208197,0.0
31,,1535,,,,,,,,,,,,,,,,,,,,,,,,,,,,,,,,,,,,,,,,,,,,,,,,,,2.2999789714813232,,,,,,,,,,,,,,,,,,,,,,,,,,,,,,,,,,,,,,,,,,,,,,,,,,
,0.001,1549,,,,,,,,,,,,,,,,,,,,,,,,,,,,,,,,,,,,,,,,,,,,,,,,,,,,,,,,,,,,,,,,,,,,,,,,,,,,,,,,,,,,,,,,,,,,,,,,,,,,
32,,1549,,,,,,,,,,,,,,,,,,,,,,,,,,,,,,,,,,,,,,,,,,,,,,,,,,,2.291276693344116,,,,,,,,,,,,,,,,,,,,,,,,,,,,,,,,,,,,,,,,,,,,,,,,,
32,,1583,,,,,,,,,,,,,,,,,,,,,,,,,,,,,,,,,,,,,,,,,,,,,,,,,,,,0.8956811428070068,0.422044962644577,0.0,0.00917431153357029,0.027522936463356018,0.0018348623998463154,0.005110662430524826,0.0002724680816754699,0.0,0.0015113137196749449,0.004062493797391653,0.00035221781581640244,0.0,0.0,0.0,0.0,0.0,0.0,0.0,0.0,0.2496688812971115,0.6067880988121033,0.698509931564331,0.5084437131881714,0.11615528166294098,0.11465533077716827,0.1351272165775299,0.20809487998485565,0.220967635512352,0.1921432465314865,0.9426568150520325,0.2744312882423401,0.6660600304603577,0.7650591135025024,0.5586897134780884,0.12716880440711975,0.12599995732307434,0.1485292613506317,0.22858406603336334,0.24248050153255463,0.21116527915000916,0.0,0.009140768088400364,0.027422305196523666,0.0018281536176800728,0.0,0.0015057879500091076,0.004047640133649111,0.0003509300004225224
32,,1583,,,,,,,,,,,,,,,,,,,,,,,,,,,,,,,,,,,,,,,,,,,,,,,,,,2.2952027320861816,,,,,,,,,,,,,,,,,,,,,,,,,,,,,,,,,,,,,,,,,,,,,,,,,,
,0.001,1599,,,,,,,,,,,,,,,,,,,,,,,,,,,,,,,,,,,,,,,,,,,,,,,,,,,,,,,,,,,,,,,,,,,,,,,,,,,,,,,,,,,,,,,,,,,,,,,,,,,,
33,,1599,,,,,,,,,,,,,,,,,,,,,,,,,,,,,,,,,,,,,,,,,,,,,,,,,,,2.2859718799591064,,,,,,,,,,,,,,,,,,,,,,,,,,,,,,,,,,,,,,,,,,,,,,,,,
33,,1631,,,,,,,,,,,,,,,,,,,,,,,,,,,,,,,,,,,,,,,,,,,,,,,,,,,,0.8951637744903564,0.4251551628112793,0.0,0.011009174399077892,0.02568807452917099,0.0,0.005106807220727205,0.000259483844274655,0.0,0.0017780826892703772,0.0038334501441568136,0.0,0.0,0.0,0.0,0.0,0.0,0.0,0.0,0.0,0.25281456112861633,0.609437108039856,0.6932119131088257,0.506291389465332,0.11690469831228256,0.11537838727235794,0.13655269145965576,0.20932193100452423,0.2210291177034378,0.19256672263145447,0.941779613494873,0.2778889834880829,0.668789803981781,0.7594176530838013,0.5565059185028076,0.1279929280281067,0.12679599225521088,0.1500961184501648,0.2299063503742218,0.24257081747055054,0.21166571974754333,0.0,0.010968921706080437,0.02559415064752102,0.0,0.0,0.001771581475622952,0.0038194339722394943,0.0
33,,1631,,,,,,,,,,,,,,,,,,,,,,,,,,,,,,,,,,,,,,,,,,,,,,,,,,2.2926175594329834,,,,,,,,,,,,,,,,,,,,,,,,,,,,,,,,,,,,,,,,,,,,,,,,,,
,0.001,1649,,,,,,,,,,,,,,,,,,,,,,,,,,,,,,,,,,,,,,,,,,,,,,,,,,,,,,,,,,,,,,,,,,,,,,,,,,,,,,,,,,,,,,,,,,,,,,,,,,,,
34,,1649,,,,,,,,,,,,,,,,,,,,,,,,,,,,,,,,,,,,,,,,,,,,,,,,,,,2.312718391418457,,,,,,,,,,,,,,,,,,,,,,,,,,,,,,,,,,,,,,,,,,,,,,,,,
34,,1679,,,,,,,,,,,,,,,,,,,,,,,,,,,,,,,,,,,,,,,,,,,,,,,,,,,,0.8958300352096558,0.4270898401737213,0.0,0.00917431153357029,0.029357798397541046,0.0018348623998463154,0.005096628796309233,0.0002675631258171052,0.0,0.001474031014367938,0.004277700558304787,0.0003321882395539433,0.0,0.0,0.0,0.0,0.0,0.0,0.0,0.0,0.25397351384162903,0.6039735078811646,0.6927152276039124,0.5041390657424927,0.11692055314779282,0.11539177596569061,0.13681598007678986,0.20858512818813324,0.22103309631347656,0.19233424961566925,0.9423202276229858,0.2791628837585449,0.6629663109779358,0.7585077285766602,0.5539581179618835,0.12801136076450348,0.12680990993976593,0.1503855288028717,0.22912661731243134,0.24253113567829132,0.21137721836566925,0.0,0.009140768088400364,0.029250457882881165,0.0018281536176800728,0.0,0.0014686414506286383,0.004262059926986694,0.00033097367850132287
34,,1679,,,,,,,,,,,,,,,,,,,,,,,,,,,,,,,,,,,,,,,,,,,,,,,,,,2.291020393371582,,,,,,,,,,,,,,,,,,,,,,,,,,,,,,,,,,,,,,,,,,,,,,,,,,
,0.001,1699,,,,,,,,,,,,,,,,,,,,,,,,,,,,,,,,,,,,,,,,,,,,,,,,,,,,,,,,,,,,,,,,,,,,,,,,,,,,,,,,,,,,,,,,,,,,,,,,,,,,
35,,1699,,,,,,,,,,,,,,,,,,,,,,,,,,,,,,,,,,,,,,,,,,,,,,,,,,,2.3532493114471436,,,,,,,,,,,,,,,,,,,,,,,,,,,,,,,,,,,,,,,,,,,,,,,,,
35,,1727,,,,,,,,,,,,,,,,,,,,,,,,,,,,,,,,,,,,,,,,,,,,,,,,,,,,0.8961375951766968,0.4270450174808502,0.0,0.012844037264585495,0.03669724613428116,0.0036697247996926308,0.005150496028363705,0.0003579451295081526,0.0,0.002140211407095194,0.005374504253268242,0.0006872133817523718,0.0,0.0,0.0,0.0,0.0,0.0,0.0,0.0,0.24850994348526,0.6026490330696106,0.6943708658218384,0.5039735436439514,0.11463145911693573,0.11311092227697372,0.13364164531230927,0.20628464221954346,0.21917793154716492,0.19021190702915192,0.9426625967025757,0.27315741777420044,0.6611464619636536,0.7595996260643005,0.553594172000885,0.12548990547657013,0.12429388612508774,0.1468963623046875,0.22653187811374664,0.24038320779800415,0.2090091109275818,0.0,0.01279707532376051,0.036563072353601456,0.0036563072353601456,0.0,0.002132386201992631,0.005354853346943855,0.0006847007316537201
35,,1727,,,,,,,,,,,,,,,,,,,,,,,,,,,,,,,,,,,,,,,,,,,,,,,,,,2.284090518951416,,,,,,,,,,,,,,,,,,,,,,,,,,,,,,,,,,,,,,,,,,,,,,,,,,
,0.001,1749,,,,,,,,,,,,,,,,,,,,,,,,,,,,,,,,,,,,,,,,,,,,,,,,,,,,,,,,,,,,,,,,,,,,,,,,,,,,,,,,,,,,,,,,,,,,,,,,,,,,
36,,1749,,,,,,,,,,,,,,,,,,,,,,,,,,,,,,,,,,,,,,,,,,,,,,,,,,,2.2369327545166016,,,,,,,,,,,,,,,,,,,,,,,,,,,,,,,,,,,,,,,,,,,,,,,,,
36,,1775,,,,,,,,,,,,,,,,,,,,,,,,,,,,,,,,,,,,,,,,,,,,,,,,,,,,0.8962052464485168,0.43275532126426697,0.0,0.011009174399077892,0.02568807452917099,0.0018348623998463154,0.0051310122944414616,0.0002836891799233854,0.0,0.0018477431731298566,0.003877311712130904,0.0003496356075629592,0.0,0.0,0.0,0.0,0.0,0.0,0.0,0.0,0.24801324307918549,0.6021523475646973,0.6923841238021851,0.5024834275245667,0.11764342337846756,0.11611300706863403,0.13591733574867249,0.20847629010677338,0.22113728523254395,0.19222325086593628,0.9421706795692444,0.27261146903038025,0.660782516002655,0.7585077285766602,0.5521382689476013,0.12880252301692963,0.12760108709335327,0.14939776062965393,0.22896991670131683,0.24268537759780884,0.21125347912311554,0.0,0.010968921706080437,0.02559415064752102,0.0018281536176800728,0.0,0.001840987242758274,0.0038631351199001074,0.00034835722181014717
36,,1775,,,,,,,,,,,,,,,,,,,,,,,,,,,,,,,,,,,,,,,,,,,,,,,,,,2.282414197921753,,,,,,,,,,,,,,,,,,,,,,,,,,,,,,,,,,,,,,,,,,,,,,,,,,
,0.001,1799,,,,,,,,,,,,,,,,,,,,,,,,,,,,,,,,,,,,,,,,,,,,,,,,,,,,,,,,,,,,,,,,,,,,,,,,,,,,,,,,,,,,,,,,,,,,,,,,,,,,
37,,1799,,,,,,,,,,,,,,,,,,,,,,,,,,,,,,,,,,,,,,,,,,,,,,,,,,,2.243130922317505,,,,,,,,,,,,,,,,,,,,,,,,,,,,,,,,,,,,,,,,,,,,,,,,,
37,,1823,,,,,,,,,,,,,,,,,,,,,,,,,,,,,,,,,,,,,,,,,,,,,,,,,,,,0.8967705965042114,0.4393278956413269,0.0,0.012844037264585495,0.027522936463356018,0.005504587199538946,0.005149827804416418,0.00031163342646323144,0.0,0.0021230154670774937,0.004183334764093161,0.0010014717699959874,0.0,0.0,0.0,0.0,0.0,0.0,0.0,0.0,0.2541390657424927,0.6051324605941772,0.6900662183761597,0.5112583041191101,0.11637841910123825,0.11483645439147949,0.13654431700706482,0.20859847962856293,0.22052966058254242,0.19329215586185455,0.9421401023864746,0.2793448567390442,0.6638762354850769,0.7557779550552368,0.5614194869995117,0.1274101883172989,0.12619514763355255,0.1500869244337082,0.22907693684101105,0.24198712408542633,0.21236373484134674,0.0,0.01279707532376051,0.027422305196523666,0.005484460853040218,0.0,0.0021152531262487173,0.004168039187788963,0.0009978101588785648
37,,1823,,,,,,,,,,,,,,,,,,,,,,,,,,,,,,,,,,,,,,,,,,,,,,,,,,2.2802443504333496,,,,,,,,,,,,,,,,,,,,,,,,,,,,,,,,,,,,,,,,,,,,,,,,,,
,0.001,1849,,,,,,,,,,,,,,,,,,,,,,,,,,,,,,,,,,,,,,,,,,,,,,,,,,,,,,,,,,,,,,,,,,,,,,,,,,,,,,,,,,,,,,,,,,,,,,,,,,,,
38,,1849,,,,,,,,,,,,,,,,,,,,,,,,,,,,,,,,,,,,,,,,,,,,,,,,,,,2.2948036193847656,,,,,,,,,,,,,,,,,,,,,,,,,,,,,,,,,,,,,,,,,,,,,,,,,
38,,1871,,,,,,,,,,,,,,,,,,,,,,,,,,,,,,,,,,,,,,,,,,,,,,,,,,,,0.8964550495147705,0.43769440054893494,0.0,0.012844037264585495,0.029357798397541046,0.0018348623998463154,0.005124866496771574,0.00029580050613731146,0.0,0.002062875311821699,0.004373588133603334,0.00032510794699192047,0.0,0.0,0.0,0.0,0.0,0.0,0.0,0.0,0.253145694732666,0.6074503660202026,0.6910595893859863,0.5091059803962708,0.1149810180068016,0.1134440079331398,0.13498680293560028,0.20760172605514526,0.21932286024093628,0.19160932302474976,0.9419553875923157,0.2782529592514038,0.666424036026001,0.7566878795623779,0.5594176650047302,0.12587666511535645,0.12466616183519363,0.14837494492530823,0.22798725962638855,0.2406417727470398,0.21058107912540436,0.0,0.01279707532376051,0.029250457882881165,0.0018281536176800728,0.0,0.002055332763120532,0.004357596859335899,0.0003239192592445761
38,,1871,,,,,,,,,,,,,,,,,,,,,,,,,,,,,,,,,,,,,,,,,,,,,,,,,,2.278956890106201,,,,,,,,,,,,,,,,,,,,,,,,,,,,,,,,,,,,,,,,,,,,,,,,,,
,0.0001,1899,,,,,,,,,,,,,,,,,,,,,,,,,,,,,,,,,,,,,,,,,,,,,,,,,,,,,,,,,,,,,,,,,,,,,,,,,,,,,,,,,,,,,,,,,,,,,,,,,,,,
39,,1899,,,,,,,,,,,,,,,,,,,,,,,,,,,,,,,,,,,,,,,,,,,,,,,,,,,2.2674760818481445,,,,,,,,,,,,,,,,,,,,,,,,,,,,,,,,,,,,,,,,,,,,,,,,,
39,,1919,,,,,,,,,,,,,,,,,,,,,,,,,,,,,,,,,,,,,,,,,,,,,,,,,,,,0.8978375196456909,0.4388542175292969,0.0,0.01651376113295555,0.029357798397541046,0.0036697247996926308,0.005140091758221388,0.00031102600041776896,0.0,0.0026408962439745665,0.004409390036016703,0.0006649402203038335,0.0,0.0,0.0,0.0,0.0,0.0,0.0,0.0,0.25645697116851807,0.6124172210693359,0.6970198750495911,0.5137417316436768,0.11869896203279495,0.1171916052699089,0.13860075175762177,0.2116776406764984,0.2235112339258194,0.1956290602684021,0.943359911441803,0.2818926274776459,0.6715195775032043,0.7632392644882202,0.5643311738967896,0.12996183335781097,0.1287839263677597,0.15234729647636414,0.23241014778614044,0.24524198472499847,0.2149657905101776,0.0,0.01645338162779808,0.029250457882881165,0.0036563072353601456,0.0,0.002631240524351597,0.004393268376588821,0.0006625090027227998
39,,1919,,,,,,,,,,,,,,,,,,,,,,,,,,,,,,,,,,,,,,,,,,,,,,,,,,2.2502119541168213,,,,,,,,,,,,,,,,,,,,,,,,,,,,,,,,,,,,,,,,,,,,,,,,,,
,0.0001,1949,,,,,,,,,,,,,,,,,,,,,,,,,,,,,,,,,,,,,,,,,,,,,,,,,,,,,,,,,,,,,,,,,,,,,,,,,,,,,,,,,,,,,,,,,,,,,,,,,,,,
40,,1949,,,,,,,,,,,,,,,,,,,,,,,,,,,,,,,,,,,,,,,,,,,,,,,,,,,2.2926528453826904,,,,,,,,,,,,,,,,,,,,,,,,,,,,,,,,,,,,,,,,,,,,,,,,,
40,,1967,,,,,,,,,,,,,,,,,,,,,,,,,,,,,,,,,,,,,,,,,,,,,,,,,,,,0.8977476358413696,0.43742820620536804,0.0,0.014678899198770523,0.031192660331726074,0.0036697247996926308,0.005147808697074652,0.0003278717049397528,0.0,0.002373110968619585,0.004670587833970785,0.0006739522214047611,0.0,0.0,0.0,0.0,0.0,0.0,0.0,0.0,0.2543046474456787,0.6117549538612366,0.698509931564331,0.5147351026535034,0.11859776079654694,0.11709779500961304,0.13798049092292786,0.21153174340724945,0.22366558015346527,0.19576424360275269,0.9434026479721069,0.27952682971954346,0.6709735989570618,0.7646951675415039,0.5654230713844299,0.12984983623027802,0.12867917120456696,0.1516655534505844,0.2322763204574585,0.24538573622703552,0.21511350572109222,0.0,0.014625228941440582,0.031078610569238663,0.0036563072353601456,0.0,0.0023644340690225363,0.004653511103242636,0.0006714880582876503
40,,1967,,,,,,,,,,,,,,,,,,,,,,,,,,,,,,,,,,,,,,,,,,,,,,,,,,2.2409770488739014,,,,,,,,,,,,,,,,,,,,,,,,,,,,,,,,,,,,,,,,,,,,,,,,,,
,0.0001,1999,,,,,,,,,,,,,,,,,,,,,,,,,,,,,,,,,,,,,,,,,,,,,,,,,,,,,,,,,,,,,,,,,,,,,,,,,,,,,,,,,,,,,,,,,,,,,,,,,,,,
41,,1999,,,,,,,,,,,,,,,,,,,,,,,,,,,,,,,,,,,,,,,,,,,,,,,,,,,2.295018196105957,,,,,,,,,,,,,,,,,,,,,,,,,,,,,,,,,,,,,,,,,,,,,,,,,
41,,2015,,,,,,,,,,,,,,,,,,,,,,,,,,,,,,,,,,,,,,,,,,,,,,,,,,,,0.8979040384292603,0.4371470510959625,0.0,0.012844037264585495,0.031192660331726074,0.0036697247996926308,0.005136934574693441,0.0003169972915202379,0.0,0.0020907202269881964,0.004640722647309303,0.0006632526055909693,0.0,0.0,0.0,0.0,0.0,0.0,0.0,0.0,0.2534768283367157,0.6102648973464966,0.6990066170692444,0.5105960369110107,0.1193927526473999,0.11789526790380478,0.13841642439365387,0.2118522971868515,0.22427384555339813,0.19558335840702057,0.9436023831367493,0.27861690521240234,0.6695177555084229,0.7652410864830017,0.5608735084533691,0.13072475790977478,0.129556804895401,0.15214471518993378,0.23265665769577026,0.24605728685855865,0.21491573750972748,0.0,0.01279707532376051,0.031078610569238663,0.0036563072353601456,0.0,0.0020830759312957525,0.004623754881322384,0.0006608275580219924
41,,2015,,,,,,,,,,,,,,,,,,,,,,,,,,,,,,,,,,,,,,,,,,,,,,,,,,2.2382092475891113,,,,,,,,,,,,,,,,,,,,,,,,,,,,,,,,,,,,,,,,,,,,,,,,,,
,0.0001,2049,,,,,,,,,,,,,,,,,,,,,,,,,,,,,,,,,,,,,,,,,,,,,,,,,,,,,,,,,,,,,,,,,,,,,,,,,,,,,,,,,,,,,,,,,,,,,,,,,,,,
42,,2049,,,,,,,,,,,,,,,,,,,,,,,,,,,,,,,,,,,,,,,,,,,,,,,,,,,2.1758782863616943,,,,,,,,,,,,,,,,,,,,,,,,,,,,,,,,,,,,,,,,,,,,,,,,,
42,,2063,,,,,,,,,,,,,,,,,,,,,,,,,,,,,,,,,,,,,,,,,,,,,,,,,,,,0.8978797793388367,0.43836191296577454,0.0,0.014678899198770523,0.029357798397541046,0.0036697247996926308,0.0051352474838495255,0.00030618152231909335,0.0,0.002360948594287038,0.004398444667458534,0.0006572961574420333,0.0,0.0,0.0,0.0,0.0,0.0,0.0,0.0,0.25480133295059204,0.6099337935447693,0.6976821422576904,0.5124172568321228,0.11898591369390488,0.11748184263706207,0.13843108713626862,0.211655393242836,0.2239411473274231,0.19574181735515594,0.9434553384780884,0.28007277846336365,0.6689717769622803,0.7639672160148621,0.5628753304481506,0.13027773797512054,0.12910345196723938,0.15216083824634552,0.2324134260416031,0.24571563303470612,0.21509051322937012,0.0,0.014625228941440582,0.029250457882881165,0.0036563072353601456,0.0,0.002352316165342927,0.0043823630549013615,0.000654892937745899
42,,2063,,,,,,,,,,,,,,,,,,,,,,,,,,,,,,,,,,,,,,,,,,,,,,,,,,2.238081693649292,,,,,,,,,,,,,,,,,,,,,,,,,,,,,,,,,,,,,,,,,,,,,,,,,,
,0.0001,2099,,,,,,,,,,,,,,,,,,,,,,,,,,,,,,,,,,,,,,,,,,,,,,,,,,,,,,,,,,,,,,,,,,,,,,,,,,,,,,,,,,,,,,,,,,,,,,,,,,,,
43,,2099,,,,,,,,,,,,,,,,,,,,,,,,,,,,,,,,,,,,,,,,,,,,,,,,,,,2.391247510910034,,,,,,,,,,,,,,,,,,,,,,,,,,,,,,,,,,,,,,,,,,,,,,,,,
43,,2111,,,,,,,,,,,,,,,,,,,,,,,,,,,,,,,,,,,,,,,,,,,,,,,,,,,,0.8979058861732483,0.43912285566329956,0.0,0.012844037264585495,0.029357798397541046,0.0036697247996926308,0.005132210440933704,0.00030314497416839004,0.0,0.0020740956533700228,0.004391161724925041,0.0006538032321259379,0.0,0.0,0.0,0.0,0.0,0.0,0.0,0.0,0.255463570356369,0.6092715263366699,0.6971854567527771,0.514072835445404,0.12002945691347122,0.11852291971445084,0.13938243687152863,0.212294802069664,0.22461819648742676,0.1967921406030655,0.9434084296226501,0.2808007299900055,0.6684258580207825,0.7634212970733643,0.5646951794624329,0.13142508268356323,0.1302480697631836,0.15320652723312378,0.23314470052719116,0.24646052718162537,0.21624532341957092,0.0,0.01279707532376051,0.029250457882881165,0.0036563072353601456,0.0,0.0020665123593062162,0.004375106655061245,0.0006514127599075437
43,,2111,,,,,,,,,,,,,,,,,,,,,,,,,,,,,,,,,,,,,,,,,,,,,,,,,,2.2359495162963867,,,,,,,,,,,,,,,,,,,,,,,,,,,,,,,,,,,,,,,,,,,,,,,,,,
,0.0001,2149,,,,,,,,,,,,,,,,,,,,,,,,,,,,,,,,,,,,,,,,,,,,,,,,,,,,,,,,,,,,,,,,,,,,,,,,,,,,,,,,,,,,,,,,,,,,,,,,,,,,
44,,2149,,,,,,,,,,,,,,,,,,,,,,,,,,,,,,,,,,,,,,,,,,,,,,,,,,,2.1695899963378906,,,,,,,,,,,,,,,,,,,,,,,,,,,,,,,,,,,,,,,,,,,,,,,,,
44,,2159,,,,,,,,,,,,,,,,,,,,,,,,,,,,,,,,,,,,,,,,,,,,,,,,,,,,0.8980169892311096,0.4395831525325775,0.0,0.014678899198770523,0.029357798397541046,0.0036697247996926308,0.005138103384524584,0.00030903733568266034,0.0,0.002371317707002163,0.004403878003358841,0.0006556587759405375,0.0,0.0,0.0,0.0,0.0,0.0,0.0,0.0,0.25711920857429504,0.6099337935447693,0.6980132460594177,0.5172185301780701,0.1215309351682663,0.12002851814031601,0.14107206463813782,0.2136419415473938,0.22597777843475342,0.19856572151184082,0.9434848427772522,0.28262054920196533,0.6689717769622803,0.7643312215805054,0.5681528449058533,0.13307489454746246,0.13190242648124695,0.15506373345851898,0.23459598422050476,0.24795369803905487,0.2181946486234665,0.0,0.014625228941440582,0.029250457882881165,0.0036563072353601456,0.0,0.00236264755949378,0.004387776367366314,0.0006532614934258163
44,,2159,,,,,,,,,,,,,,,,,,,,,,,,,,,,,,,,,,,,,,,,,,,,,,,,,,2.234753131866455,,,,,,,,,,,,,,,,,,,,,,,,,,,,,,,,,,,,,,,,,,,,,,,,,,
,0.0001,2199,,,,,,,,,,,,,,,,,,,,,,,,,,,,,,,,,,,,,,,,,,,,,,,,,,,,,,,,,,,,,,,,,,,,,,,,,,,,,,,,,,,,,,,,,,,,,,,,,,,,
45,,2199,,,,,,,,,,,,,,,,,,,,,,,,,,,,,,,,,,,,,,,,,,,,,,,,,,,2.347174644470215,,,,,,,,,,,,,,,,,,,,,,,,,,,,,,,,,,,,,,,,,,,,,,,,,
45,,2207,,,,,,,,,,,,,,,,,,,,,,,,,,,,,,,,,,,,,,,,,,,,,,,,,,,,0.8980564475059509,0.4389905035495758,0.0,0.014678899198770523,0.029357798397541046,0.0018348623998463154,0.005141276866197586,0.0003122112830169499,0.0,0.0023747694212943316,0.004417075775563717,0.0003303327248431742,0.0,0.0,0.0,0.0,0.0,0.0,0.0,0.0,0.255463570356369,0.6119205355644226,0.6973509788513184,0.5157284736633301,0.120304636657238,0.11879893392324448,0.13960519433021545,0.21297988295555115,0.22494669258594513,0.1973223239183426,0.9435870051383972,0.2808007299900055,0.671155571937561,0.7636032700538635,0.5666970014572144,0.13172666728496552,0.1305505484342575,0.15345138311386108,0.23386791348457336,0.24681903421878815,0.21686019003391266,0.0,0.014625228941440582,0.029250457882881165,0.0018281536176800728,0.0,0.002366086468100548,0.00440092571079731,0.00032912491587921977
45,,2207,,,,,,,,,,,,,,,,,,,,,,,,,,,,,,,,,,,,,,,,,,,,,,,,,,2.2350876331329346,,,,,,,,,,,,,,,,,,,,,,,,,,,,,,,,,,,,,,,,,,,,,,,,,,
,0.0001,2249,,,,,,,,,,,,,,,,,,,,,,,,,,,,,,,,,,,,,,,,,,,,,,,,,,,,,,,,,,,,,,,,,,,,,,,,,,,,,,,,,,,,,,,,,,,,,,,,,,,,
46,,2249,,,,,,,,,,,,,,,,,,,,,,,,,,,,,,,,,,,,,,,,,,,,,,,,,,,2.1302881240844727,,,,,,,,,,,,,,,,,,,,,,,,,,,,,,,,,,,,,,,,,,,,,,,,,
46,,2255,,,,,,,,,,,,,,,,,,,,,,,,,,,,,,,,,,,,,,,,,,,,,,,,,,,,0.8981113433837891,0.4391746520996094,0.0,0.012844037264585495,0.027522936463356018,0.0036697247996926308,0.005134750623255968,0.0002965563035104424,0.0,0.002096169162541628,0.004150318913161755,0.0006616151658818126,0.0,0.0,0.0,0.0,0.0,0.0,0.0,0.0,0.25397351384162903,0.6112582683563232,0.6966887712478638,0.5162251591682434,0.12021591514348984,0.11870689690113068,0.13910922408103943,0.21282678842544556,0.22479066252708435,0.19736824929714203,0.9436290264129639,0.2791628837585449,0.6706096529960632,0.763057291507721,0.5670609474182129,0.13162976503372192,0.13045094907283783,0.15290620923042297,0.23372727632522583,0.24667400121688843,0.21687781810760498,0.0,0.01279707532376051,0.027422305196523666,0.0036563072353601456,0.0,0.0020885050762444735,0.00413514394313097,0.0006591961137019098
46,,2255,,,,,,,,,,,,,,,,,,,,,,,,,,,,,,,,,,,,,,,,,,,,,,,,,,2.234461545944214,,,,,,,,,,,,,,,,,,,,,,,,,,,,,,,,,,,,,,,,,,,,,,,,,,
,0.0001,2299,,,,,,,,,,,,,,,,,,,,,,,,,,,,,,,,,,,,,,,,,,,,,,,,,,,,,,,,,,,,,,,,,,,,,,,,,,,,,,,,,,,,,,,,,,,,,,,,,,,,
47,,2299,,,,,,,,,,,,,,,,,,,,,,,,,,,,,,,,,,,,,,,,,,,,,,,,,,,2.2479605674743652,,,,,,,,,,,,,,,,,,,,,,,,,,,,,,,,,,,,,,,,,,,,,,,,,
47,,2303,,,,,,,,,,,,,,,,,,,,,,,,,,,,,,,,,,,,,,,,,,,,,,,,,,,,0.8983136415481567,0.43989720940589905,0.0,0.014678899198770523,0.029357798397541046,0.0036697247996926308,0.005145160481333733,0.00031609475263394415,0.0,0.0023858840577304363,0.00442096870392561,0.0006701966049149632,0.0,0.0,0.0,0.0,0.0,0.0,0.0,0.0,0.2543046474456787,0.6120861172676086,0.6986755132675171,0.5147351026535034,0.11940673738718033,0.11790761351585388,0.1386336088180542,0.21234193444252014,0.22447481751441956,0.19649207592010498,0.9437798261642456,0.27952682971954346,0.6713375449180603,0.7650591135025024,0.5654230713844299,0.13073931634426117,0.12957045435905457,0.15238343179225922,0.23316557705402374,0.24629998207092285,0.21591387689113617,0.0,0.014625228941440582,0.029250457882881165,0.0036563072353601456,0.0,0.002377160592004657,0.004404804203659296,0.0006677461788058281
47,,2303,,,,,,,,,,,,,,,,,,,,,,,,,,,,,,,,,,,,,,,,,,,,,,,,,,2.235077142715454,,,,,,,,,,,,,,,,,,,,,,,,,,,,,,,,,,,,,,,,,,,,,,,,,,
,0.0001,2349,,,,,,,,,,,,,,,,,,,,,,,,,,,,,,,,,,,,,,,,,,,,,,,,,,,,,,,,,,,,,,,,,,,,,,,,,,,,,,,,,,,,,,,,,,,,,,,,,,,,
48,,2349,,,,,,,,,,,,,,,,,,,,,,,,,,,,,,,,,,,,,,,,,,,,,,,,,,,2.1601881980895996,,,,,,,,,,,,,,,,,,,,,,,,,,,,,,,,,,,,,,,,,,,,,,,,,
48,,2351,,,,,,,,,,,,,,,,,,,,,,,,,,,,,,,,,,,,,,,,,,,,,,,,,,,,0.8981338739395142,0.4395218789577484,0.0,0.014678899198770523,0.029357798397541046,0.0036697247996926308,0.00515477592125535,0.0003257105126976967,0.0,0.002413314301520586,0.004449347499758005,0.0006701966049149632,0.0,0.0,0.0,0.0,0.0,0.0,0.0,0.0,0.25529801845550537,0.612582802772522,0.6966887712478638,0.5150662064552307,0.12047780305147171,0.11896879225969315,0.13971753418445587,0.2131471037864685,0.22492316365242004,0.19727759063243866,0.9436195492744446,0.28061872720718384,0.6718835234642029,0.7628753185272217,0.5657870769500732,0.13191565871238708,0.13073591887950897,0.1535748690366745,0.23404785990715027,0.24679000675678253,0.21677729487419128,0.0,0.014625228941440582,0.029250457882881165,0.0036563072353601456,0.0,0.0024044904857873917,0.004433079157024622,0.0006677461788058281
48,,2351,,,,,,,,,,,,,,,,,,,,,,,,,,,,,,,,,,,,,,,,,,,,,,,,,,2.233476400375366,,,,,,,,,,,,,,,,,,,,,,,,,,,,,,,,,,,,,,,,,,,,,,,,,,
,0.0001,2399,,,,,,,,,,,,,,,,,,,,,,,,,,,,,,,,,,,,,,,,,,,,,,,,,,,,,,,,,,,,,,,,,,,,,,,,,,,,,,,,,,,,,,,,,,,,,,,,,,,,
49,,2399,,,,,,,,,,,,,,,,,,,,,,,,,,,,,,,,,,,,,,,,,,,,,,,,,,,2.080087184906006,,,,,,,,,,,,,,,,,,,,,,,,,,,,,,,,,,,,,,,,,,,,,,,,,
49,,2399,,,,,,,,,,,,,,,,,,,,,,,,,,,,,,,,,,,,,,,,,,,,,,,,,,,,0.898165225982666,0.439079612493515,0.0,0.012844037264585495,0.0330275222659111,0.0036697247996926308,0.00514471298083663,0.0003339046670589596,0.0,0.0021135967690497637,0.004894644487649202,0.0006724616978317499,0.0,0.0,0.0,0.0,0.0,0.0,0.0,0.0,0.254635751247406,0.610927164554596,0.6990066170692444,0.5157284736633301,0.11992302536964417,0.11842554807662964,0.1391211450099945,0.21245639026165009,0.22479286789894104,0.1969873458147049,0.9436978101730347,0.2798908054828644,0.6702456474304199,0.7650591135025024,0.5665150284767151,0.13130687177181244,0.13013800978660583,0.15291930735111237,0.23331838846206665,0.2466025948524475,0.21645806729793549,0.0,0.01279707532376051,0.03290676325559616,0.0036563072353601456,0.0,0.002105868887156248,0.004876748658716679,0.0006700029480271041
49,,2399,,,,,,,,,,,,,,,,,,,,,,,,,,,,,,,,,,,,,,,,,,,,,,,,,,2.232581853866577,,,,,,,,,,,,,,,,,,,,,,,,,,,,,,,,,,,,,,,,,,,,,,,,,,
50,,2447,,,,,,,,,,,,,,,,,,,,,,,,,,,,,,,,,,,,,,,,,,,,,,,,,,,,0.898256778717041,0.4405714273452759,0.0,0.012844037264585495,0.029357798397541046,0.0036697247996926308,0.00514369597658515,0.0003146300732623786,0.0,0.0021063736639916897,0.004418564960360527,0.0006643764791078866,0.0,0.0,0.0,0.0,0.0,0.0,0.0,0.0,0.25529801845550537,0.6097682118415833,0.6988410949707031,0.5155629515647888,0.11958318948745728,0.11808489263057709,0.13906021416187286,0.21210044622421265,0.22457849979400635,0.19675198197364807,0.943650484085083,0.28061872720718384,0.6689717769622803,0.7652410864830017,0.566332995891571,0.13093341886997223,0.12976546585559845,0.1528523564338684,0.23292787373065948,0.2464141696691513,0.21620015799999237,0.0,0.01279707532376051,0.029250457882881165,0.0036563072353601456,0.0,0.002098672091960907,0.00440240977331996,0.0006619473570026457
50,,2447,,,,,,,,,,,,,,,,,,,,,,,,,,,,,,,,,,,,,,,,,,,,,,,,,,2.233060121536255,,,,,,,,,,,,,,,,,,,,,,,,,,,,,,,,,,,,,,,,,,,,,,,,,,
,0.0001,2449,,,,,,,,,,,,,,,,,,,,,,,,,,,,,,,,,,,,,,,,,,,,,,,,,,,,,,,,,,,,,,,,,,,,,,,,,,,,,,,,,,,,,,,,,,,,,,,,,,,,
51,,2449,,,,,,,,,,,,,,,,,,,,,,,,,,,,,,,,,,,,,,,,,,,,,,,,,,,2.158073663711548,,,,,,,,,,,,,,,,,,,,,,,,,,,,,,,,,,,,,,,,,,,,,,,,,
51,,2495,,,,,,,,,,,,,,,,,,,,,,,,,,,,,,,,,,,,,,,,,,,,,,,,,,,,0.8983779549598694,0.4410533607006073,0.0,0.012844037264585495,0.029357798397541046,0.0036697247996926308,0.005136196501553059,0.00030713071464560926,0.0,0.0021081040613353252,0.004390046466141939,0.000662520935293287,0.0,0.0,0.0,0.0,0.0,0.0,0.0,0.0,0.25529801845550537,0.6115894317626953,0.6986755132675171,0.5182119011878967,0.11951448023319244,0.118015356361866,0.1389247626066208,0.2123173475265503,0.22451192140579224,0.19714637100696564,0.9437358379364014,0.28061872720718384,0.6709735989570618,0.7650591135025024,0.5692447423934937,0.1308586299419403,0.1296897679567337,0.15270347893238068,0.23316611349582672,0.24634383618831635,0.2166338562965393,0.0,0.01279707532376051,0.029250457882881165,0.0036563072353601456,0.0,0.002100396202877164,0.004373995121568441,0.0006600985652767122
51,,2495,,,,,,,,,,,,,,,,,,,,,,,,,,,,,,,,,,,,,,,,,,,,,,,,,,2.231668710708618,,,,,,,,,,,,,,,,,,,,,,,,,,,,,,,,,,,,,,,,,,,,,,,,,,
,0.0001,2499,,,,,,,,,,,,,,,,,,,,,,,,,,,,,,,,,,,,,,,,,,,,,,,,,,,,,,,,,,,,,,,,,,,,,,,,,,,,,,,,,,,,,,,,,,,,,,,,,,,,
52,,2499,,,,,,,,,,,,,,,,,,,,,,,,,,,,,,,,,,,,,,,,,,,,,,,,,,,2.4014365673065186,,,,,,,,,,,,,,,,,,,,,,,,,,,,,,,,,,,,,,,,,,,,,,,,,
52,,2543,,,,,,,,,,,,,,,,,,,,,,,,,,,,,,,,,,,,,,,,,,,,,,,,,,,,0.898228108882904,0.4397902190685272,0.0,0.012844037264585495,0.029357798397541046,0.0036697247996926308,0.005146978422999382,0.0003179128689225763,0.0,0.002123404061421752,0.0044197686947882175,0.0006742349942214787,0.0,0.0,0.0,0.0,0.0,0.0,0.0,0.0,0.25794702768325806,0.6115894317626953,0.6988410949707031,0.5163907408714294,0.11984609067440033,0.11834777891635895,0.13998423516750336,0.21253496408462524,0.22474980354309082,0.19706441462039948,0.9436964988708496,0.28353047370910645,0.6709735989570618,0.7652410864830017,0.5672429203987122,0.13122206926345825,0.13005410134792328,0.15386801958084106,0.23340380191802979,0.2466023564338684,0.21654260158538818,0.0,0.01279707532376051,0.029250457882881165,0.0036563072353601456,0.0,0.0021156403236091137,0.004403608851134777,0.0006717697833664715
52,,2543,,,,,,,,,,,,,,,,,,,,,,,,,,,,,,,,,,,,,,,,,,,,,,,,,,2.231116533279419,,,,,,,,,,,,,,,,,,,,,,,,,,,,,,,,,,,,,,,,,,,,,,,,,,
,0.0001,2549,,,,,,,,,,,,,,,,,,,,,,,,,,,,,,,,,,,,,,,,,,,,,,,,,,,,,,,,,,,,,,,,,,,,,,,,,,,,,,,,,,,,,,,,,,,,,,,,,,,,
53,,2549,,,,,,,,,,,,,,,,,,,,,,,,,,,,,,,,,,,,,,,,,,,,,,,,,,,2.349137783050537,,,,,,,,,,,,,,,,,,,,,,,,,,,,,,,,,,,,,,,,,,,,,,,,,
53,,2591,,,,,,,,,,,,,,,,,,,,,,,,,,,,,,,,,,,,,,,,,,,,,,,,,,,,0.898307740688324,0.4410795271396637,0.0,0.01651376113295555,0.029357798397541046,0.0036697247996926308,0.005148523487150669,0.00031945761293172836,0.0,0.0026661050505936146,0.004432507324963808,0.0006626424728892744,0.0,0.0,0.0,0.0,0.0,0.0,0.0,0.0,0.25562915205955505,0.611092746257782,0.6983444094657898,0.5149006843566895,0.11924426257610321,0.11774348467588425,0.13880127668380737,0.21201537549495697,0.22423367202281952,0.19635054469108582,0.9436560869216919,0.28098270297050476,0.6700636744499207,0.7646951675415039,0.565605103969574,0.13056039810180664,0.12938973307609558,0.15256774425506592,0.232778862118721,0.24603375792503357,0.21575908362865448,0.0,0.01645338162779808,0.029250457882881165,0.0036563072353601456,0.0,0.002656357130035758,0.004416300915181637,0.0006602196372114122
53,,2591,,,,,,,,,,,,,,,,,,,,,,,,,,,,,,,,,,,,,,,,,,,,,,,,,,2.2309744358062744,,,,,,,,,,,,,,,,,,,,,,,,,,,,,,,,,,,,,,,,,,,,,,,,,,
,0.0001,2599,,,,,,,,,,,,,,,,,,,,,,,,,,,,,,,,,,,,,,,,,,,,,,,,,,,,,,,,,,,,,,,,,,,,,,,,,,,,,,,,,,,,,,,,,,,,,,,,,,,,
54,,2599,,,,,,,,,,,,,,,,,,,,,,,,,,,,,,,,,,,,,,,,,,,,,,,,,,,2.1705005168914795,,,,,,,,,,,,,,,,,,,,,,,,,,,,,,,,,,,,,,,,,,,,,,,,,
54,,2639,,,,,,,,,,,,,,,,,,,,,,,,,,,,,,,,,,,,,,,,,,,,,,,,,,,,0.8983825445175171,0.44073227047920227,0.0,0.012844037264585495,0.029357798397541046,0.0036697247996926308,0.0051506273448467255,0.0003215617034584284,0.0,0.0021248895209282637,0.004432852379977703,0.0006710177403874695,0.0,0.0,0.0,0.0,0.0,0.0,0.0,0.0,0.25596025586128235,0.6135761737823486,0.6990066170692444,0.5155629515647888,0.11975803226232529,0.11826055496931076,0.13932883739471436,0.21279039978981018,0.2247418910264969,0.19685254991054535,0.9437727332115173,0.2813466787338257,0.6731573939323425,0.7654231190681458,0.566332995891571,0.13112492859363556,0.1299578696489334,0.1531475931406021,0.23368442058563232,0.24659237265586853,0.2163100391626358,0.0,0.01279707532376051,0.029250457882881165,0.0036563072353601456,0.0,0.0021171201951801777,0.004416645038872957,0.0006685642874799669
54,,2639,,,,,,,,,,,,,,,,,,,,,,,,,,,,,,,,,,,,,,,,,,,,,,,,,,2.231234550476074,,,,,,,,,,,,,,,,,,,,,,,,,,,,,,,,,,,,,,,,,,,,,,,,,,
,0.0001,2649,,,,,,,,,,,,,,,,,,,,,,,,,,,,,,,,,,,,,,,,,,,,,,,,,,,,,,,,,,,,,,,,,,,,,,,,,,,,,,,,,,,,,,,,,,,,,,,,,,,,
55,,2649,,,,,,,,,,,,,,,,,,,,,,,,,,,,,,,,,,,,,,,,,,,,,,,,,,,2.190556287765503,,,,,,,,,,,,,,,,,,,,,,,,,,,,,,,,,,,,,,,,,,,,,,,,,
55,,2687,,,,,,,,,,,,,,,,,,,,,,,,,,,,,,,,,,,,,,,,,,,,,,,,,,,,0.8983058333396912,0.4406020939350128,0.0,0.01651376113295555,0.029357798397541046,0.0036697247996926308,0.005161546170711517,0.0003324805584270507,0.0,0.0026981886476278305,0.004471613559871912,0.0006684773834422231,0.0,0.0,0.0,0.0,0.0,0.0,0.0,0.0,0.2574503421783447,0.614238440990448,0.6981788277626038,0.5168874263763428,0.11995574831962585,0.11845414340496063,0.13989987969398499,0.21305598318576813,0.22480462491512299,0.19723185896873474,0.9437013864517212,0.28298452496528625,0.6735213994979858,0.7645131945610046,0.5677888989448547,0.13134117424488068,0.1301695853471756,0.15377528965473175,0.23391948640346527,0.24665746092796326,0.21672721207141876,0.0,0.01645338162779808,0.029250457882881165,0.0036563072353601456,0.0,0.0026883231475949287,0.004455264192074537,0.0006660332437604666
55,,2687,,,,,,,,,,,,,,,,,,,,,,,,,,,,,,,,,,,,,,,,,,,,,,,,,,2.229144811630249,,,,,,,,,,,,,,,,,,,,,,,,,,,,,,,,,,,,,,,,,,,,,,,,,,
,1e-05,2699,,,,,,,,,,,,,,,,,,,,,,,,,,,,,,,,,,,,,,,,,,,,,,,,,,,,,,,,,,,,,,,,,,,,,,,,,,,,,,,,,,,,,,,,,,,,,,,,,,,,
56,,2699,,,,,,,,,,,,,,,,,,,,,,,,,,,,,,,,,,,,,,,,,,,,,,,,,,,2.125200033187866,,,,,,,,,,,,,,,,,,,,,,,,,,,,,,,,,,,,,,,,,,,,,,,,,
56,,2735,,,,,,,,,,,,,,,,,,,,,,,,,,,,,,,,,,,,,,,,,,,,,,,,,,,,0.8985228538513184,0.4413689076900482,0.0,0.014678899198770523,0.029357798397541046,0.0036697247996926308,0.0051565091125667095,0.00032744367490522563,0.0,0.0024140458554029465,0.004453708417713642,0.0006701966049149632,0.0,0.0,0.0,0.0,0.0,0.0,0.0,0.0,0.2574503421783447,0.6147351264953613,0.6993377804756165,0.5177152156829834,0.12010401487350464,0.11860818415880203,0.13998271524906158,0.21329370141029358,0.22512130439281464,0.19753210246562958,0.9438639283180237,0.28298452496528625,0.6742492914199829,0.7657870650291443,0.5686988234519958,0.1315046101808548,0.1303393840789795,0.15386635065078735,0.23420895636081696,0.247007355093956,0.21705707907676697,0.0,0.014625228941440582,0.029250457882881165,0.0036563072353601456,0.0,0.002405219478532672,0.004437424708157778,0.0006677461788058281
56,,2735,,,,,,,,,,,,,,,,,,,,,,,,,,,,,,,,,,,,,,,,,,,,,,,,,,2.225987672805786,,,,,,,,,,,,,,,,,,,,,,,,,,,,,,,,,,,,,,,,,,,,,,,,,,
,1e-05,2749,,,,,,,,,,,,,,,,,,,,,,,,,,,,,,,,,,,,,,,,,,,,,,,,,,,,,,,,,,,,,,,,,,,,,,,,,,,,,,,,,,,,,,,,,,,,,,,,,,,,
57,,2749,,,,,,,,,,,,,,,,,,,,,,,,,,,,,,,,,,,,,,,,,,,,,,,,,,,2.1250858306884766,,,,,,,,,,,,,,,,,,,,,,,,,,,,,,,,,,,,,,,,,,,,,,,,,
57,,2783,,,,,,,,,,,,,,,,,,,,,,,,,,,,,,,,,,,,,,,,,,,,,,,,,,,,0.8984805941581726,0.4410039186477661,0.0,0.014678899198770523,0.029357798397541046,0.0036697247996926308,0.005155114457011223,0.00032604861189611256,0.0,0.0024094507098197937,0.004449728410691023,0.0006703328690491617,0.0,0.0,0.0,0.0,0.0,0.0,0.0,0.0,0.2569536566734314,0.6130794882774353,0.6993377804756165,0.5163907408714294,0.11996787786483765,0.11847203969955444,0.1397707760334015,0.21292239427566528,0.2249968945980072,0.19718438386917114,0.9438536167144775,0.28243857622146606,0.6724294424057007,0.7657870650291443,0.5672429203987122,0.13135512173175812,0.13018988072872162,0.15363337099552155,0.23380132019519806,0.2468709945678711,0.21667486429214478,0.0,0.014625228941440582,0.029250457882881165,0.0036563072353601456,0.0,0.0024006410967558622,0.004433459136635065,0.0006678819190710783
57,,2783,,,,,,,,,,,,,,,,,,,,,,,,,,,,,,,,,,,,,,,,,,,,,,,,,,2.2260658740997314,,,,,,,,,,,,,,,,,,,,,,,,,,,,,,,,,,,,,,,,,,,,,,,,,,
,1e-05,2799,,,,,,,,,,,,,,,,,,,,,,,,,,,,,,,,,,,,,,,,,,,,,,,,,,,,,,,,,,,,,,,,,,,,,,,,,,,,,,,,,,,,,,,,,,,,,,,,,,,,
58,,2799,,,,,,,,,,,,,,,,,,,,,,,,,,,,,,,,,,,,,,,,,,,,,,,,,,,2.2299869060516357,,,,,,,,,,,,,,,,,,,,,,,,,,,,,,,,,,,,,,,,,,,,,,,,,
58,,2831,,,,,,,,,,,,,,,,,,,,,,,,,,,,,,,,,,,,,,,,,,,,,,,,,,,,0.8984977602958679,0.44142183661460876,0.0,0.014678899198770523,0.029357798397541046,0.0036697247996926308,0.005154209677129984,0.0003251443849876523,0.0,0.0024067487102001905,0.004445583559572697,0.0006722508696839213,0.0,0.0,0.0,0.0,0.0,0.0,0.0,0.0,0.2572847604751587,0.6137417554855347,0.698509931564331,0.5165563225746155,0.11974095553159714,0.11824100464582443,0.13969431817531586,0.21286091208457947,0.22472259402275085,0.19705818593502045,0.9438310265541077,0.282802551984787,0.6731573939323425,0.7648771405220032,0.5674248933792114,0.13110579550266266,0.12993600964546204,0.15354934334754944,0.23373398184776306,0.2465699017047882,0.21653594076633453,0.0,0.014625228941440582,0.029250457882881165,0.0036563072353601456,0.0,0.0023979488760232925,0.004429329186677933,0.0006697929347865283
58,,2831,,,,,,,,,,,,,,,,,,,,,,,,,,,,,,,,,,,,,,,,,,,,,,,,,,2.2261016368865967,,,,,,,,,,,,,,,,,,,,,,,,,,,,,,,,,,,,,,,,,,,,,,,,,,
,1e-05,2849,,,,,,,,,,,,,,,,,,,,,,,,,,,,,,,,,,,,,,,,,,,,,,,,,,,,,,,,,,,,,,,,,,,,,,,,,,,,,,,,,,,,,,,,,,,,,,,,,,,,
59,,2849,,,,,,,,,,,,,,,,,,,,,,,,,,,,,,,,,,,,,,,,,,,,,,,,,,,2.2193503379821777,,,,,,,,,,,,,,,,,,,,,,,,,,,,,,,,,,,,,,,,,,,,,,,,,
59,,2879,,,,,,,,,,,,,,,,,,,,,,,,,,,,,,,,,,,,,,,,,,,,,,,,,,,,0.8985179662704468,0.44142574071884155,0.0,0.01651376113295555,0.029357798397541046,0.0036697247996926308,0.005154414568096399,0.00032534918864257634,0.0,0.0026838856283575296,0.004448717460036278,0.0006662945379503071,0.0,0.0,0.0,0.0,0.0,0.0,0.0,0.0,0.2577814757823944,0.6132450699806213,0.6988410949707031,0.5175496935844421,0.11961877346038818,0.1181204691529274,0.13972745835781097,0.21270380914211273,0.22468747198581696,0.19714190065860748,0.9438529014587402,0.2833485007286072,0.6724294424057007,0.7652410864830017,0.5685168504714966,0.13097146153450012,0.12980350852012634,0.1535857766866684,0.2335338145494461,0.24653097987174988,0.2166285514831543,0.0,0.01645338162779808,0.029250457882881165,0.0036563072353601456,0.0,0.00267407251521945,0.0044324519112706184,0.0006638583727180958
59,,2879,,,,,,,,,,,,,,,,,,,,,,,,,,,,,,,,,,,,,,,,,,,,,,,,,,2.2258195877075195,,,,,,,,,,,,,,,,,,,,,,,,,,,,,,,,,,,,,,,,,,,,,,,,,,
,1e-05,2899,,,,,,,,,,,,,,,,,,,,,,,,,,,,,,,,,,,,,,,,,,,,,,,,,,,,,,,,,,,,,,,,,,,,,,,,,,,,,,,,,,,,,,,,,,,,,,,,,,,,
60,,2899,,,,,,,,,,,,,,,,,,,,,,,,,,,,,,,,,,,,,,,,,,,,,,,,,,,2.2266275882720947,,,,,,,,,,,,,,,,,,,,,,,,,,,,,,,,,,,,,,,,,,,,,,,,,
60,,2927,,,,,,,,,,,,,,,,,,,,,,,,,,,,,,,,,,,,,,,,,,,,,,,,,,,,0.898500919342041,0.4414289891719818,0.0,0.014678899198770523,0.029357798397541046,0.0036697247996926308,0.005155549850314856,0.00032648409251123667,0.0,0.0024098120629787445,0.004448572173714638,0.0006742349942214787,0.0,0.0,0.0,0.0,0.0,0.0,0.0,0.0,0.2572847604751587,0.6115894317626953,0.6990066170692444,0.5162251591682434,0.11944907903671265,0.11795159429311752,0.13946625590324402,0.21232344210147858,0.2245744913816452,0.19677984714508057,0.9438338875770569,0.282802551984787,0.6707916259765625,0.7654231190681458,0.5670609474182129,0.13078482449054718,0.12961778044700623,0.15329867601394653,0.2331428974866867,0.24640682339668274,0.21622981131076813,0.0,0.014625228941440582,0.029250457882881165,0.0036563072353601456,0.0,0.002401001052930951,0.004432307090610266,0.0006717697833664715
60,,2927,,,,,,,,,,,,,,,,,,,,,,,,,,,,,,,,,,,,,,,,,,,,,,,,,,2.224940061569214,,,,,,,,,,,,,,,,,,,,,,,,,,,,,,,,,,,,,,,,,,,,,,,,,,
,1e-05,2949,,,,,,,,,,,,,,,,,,,,,,,,,,,,,,,,,,,,,,,,,,,,,,,,,,,,,,,,,,,,,,,,,,,,,,,,,,,,,,,,,,,,,,,,,,,,,,,,,,,,
61,,2949,,,,,,,,,,,,,,,,,,,,,,,,,,,,,,,,,,,,,,,,,,,,,,,,,,,2.1863534450531006,,,,,,,,,,,,,,,,,,,,,,,,,,,,,,,,,,,,,,,,,,,,,,,,,
61,,2975,,,,,,,,,,,,,,,,,,,,,,,,,,,,,,,,,,,,,,,,,,,,,,,,,,,,0.8985317945480347,0.4419500231742859,0.0,0.014678899198770523,0.029357798397541046,0.0036697247996926308,0.005154023878276348,0.00032495835330337286,0.0,0.0024090325459837914,0.004446235951036215,0.0006662945379503071,0.0,0.0,0.0,0.0,0.0,0.0,0.0,0.0,0.2569536566734314,0.6119205355644226,0.698509931564331,0.5168874263763428,0.11962921172380447,0.11812925338745117,0.13950125873088837,0.2125321924686432,0.2246696799993515,0.1970553994178772,0.9438160061836243,0.28243857622146606,0.671155571937561,0.7648771405220032,0.5677888989448547,0.13098298013210297,0.12981320917606354,0.15333712100982666,0.23337243497371674,0.24651165306568146,0.21653349697589874,0.0,0.014625228941440582,0.029250457882881165,0.0036563072353601456,0.0,0.002400224329903722,0.004429979249835014,0.0006638583727180958
61,,2975,,,,,,,,,,,,,,,,,,,,,,,,,,,,,,,,,,,,,,,,,,,,,,,,,,2.2258005142211914,,,,,,,,,,,,,,,,,,,,,,,,,,,,,,,,,,,,,,,,,,,,,,,,,,
,1e-05,2999,,,,,,,,,,,,,,,,,,,,,,,,,,,,,,,,,,,,,,,,,,,,,,,,,,,,,,,,,,,,,,,,,,,,,,,,,,,,,,,,,,,,,,,,,,,,,,,,,,,,
62,,2999,,,,,,,,,,,,,,,,,,,,,,,,,,,,,,,,,,,,,,,,,,,,,,,,,,,2.2767958641052246,,,,,,,,,,,,,,,,,,,,,,,,,,,,,,,,,,,,,,,,,,,,,,,,,
62,,3023,,,,,,,,,,,,,,,,,,,,,,,,,,,,,,,,,,,,,,,,,,,,,,,,,,,,0.8985321521759033,0.4415491819381714,0.0,0.014678899198770523,0.029357798397541046,0.0036697247996926308,0.0051560550928115845,0.0003269892476964742,0.0,0.002411291468888521,0.004450140055269003,0.0006722508696839213,0.0,0.0,0.0,0.0,0.0,0.0,0.0,0.0,0.2576158940792084,0.6114238500595093,0.6981788277626038,0.5165563225746155,0.11953368037939072,0.11803208291530609,0.13962262868881226,0.21235917508602142,0.22452576458454132,0.19690486788749695,0.9438561797142029,0.2831664979457855,0.6706096529960632,0.7645131945610046,0.5674248933792114,0.1308777630329132,0.12970618903636932,0.15347054600715637,0.23318204283714294,0.24635310471057892,0.21636740863323212,0.0,0.014625228941440582,0.029250457882881165,0.0036563072353601456,0.0,0.0024024751037359238,0.004433868918567896,0.0006697929347865283
62,,3023,,,,,,,,,,,,,,,,,,,,,,,,,,,,,,,,,,,,,,,,,,,,,,,,,,2.2262532711029053,,,,,,,,,,,,,,,,,,,,,,,,,,,,,,,,,,,,,,,,,,,,,,,,,,
,1e-05,3049,,,,,,,,,,,,,,,,,,,,,,,,,,,,,,,,,,,,,,,,,,,,,,,,,,,,,,,,,,,,,,,,,,,,,,,,,,,,,,,,,,,,,,,,,,,,,,,,,,,,
63,,3049,,,,,,,,,,,,,,,,,,,,,,,,,,,,,,,,,,,,,,,,,,,,,,,,,,,2.1525943279266357,,,,,,,,,,,,,,,,,,,,,,,,,,,,,,,,,,,,,,,,,,,,,,,,,
63,,3071,,,,,,,,,,,,,,,,,,,,,,,,,,,,,,,,,,,,,,,,,,,,,,,,,,,,0.8985629677772522,0.44183099269866943,0.0,0.01651376113295555,0.029357798397541046,0.0036697247996926308,0.005155995953828096,0.0003269306034781039,0.0,0.002686162944883108,0.004451697692275047,0.0006701966049149632,0.0,0.0,0.0,0.0,0.0,0.0,0.0,0.0,0.25827816128730774,0.6119205355644226,0.6980132460594177,0.5163907408714294,0.11985653638839722,0.11835411190986633,0.14005249738693237,0.21269448101520538,0.22476327419281006,0.19713453948497772,0.9438621401786804,0.28389444947242737,0.6709735989570618,0.7643312215805054,0.5672429203987122,0.13123264908790588,0.13006016612052917,0.15394306182861328,0.23352332413196564,0.246614009141922,0.2166200876235962,0.0,0.01645338162779808,0.029250457882881165,0.0036563072353601456,0.0,0.002676341449841857,0.004435420967638493,0.0006677461788058281
63,,3071,,,,,,,,,,,,,,,,,,,,,,,,,,,,,,,,,,,,,,,,,,,,,,,,,,2.225446939468384,,,,,,,,,,,,,,,,,,,,,,,,,,,,,,,,,,,,,,,,,,,,,,,,,,
,1e-05,3099,,,,,,,,,,,,,,,,,,,,,,,,,,,,,,,,,,,,,,,,,,,,,,,,,,,,,,,,,,,,,,,,,,,,,,,,,,,,,,,,,,,,,,,,,,,,,,,,,,,,
64,,3099,,,,,,,,,,,,,,,,,,,,,,,,,,,,,,,,,,,,,,,,,,,,,,,,,,,2.1582462787628174,,,,,,,,,,,,,,,,,,,,,,,,,,,,,,,,,,,,,,,,,,,,,,,,,
64,,3119,,,,,,,,,,,,,,,,,,,,,,,,,,,,,,,,,,,,,,,,,,,,,,,,,,,,0.8985728621482849,0.4420543313026428,0.0,0.01651376113295555,0.029357798397541046,0.0036697247996926308,0.005156964063644409,0.0003278985386714339,0.0,0.002689208835363388,0.004453972447663546,0.0006701966049149632,0.0,0.0,0.0,0.0,0.0,0.0,0.0,0.0,0.25794702768325806,0.6122516393661499,0.6980132460594177,0.5168874263763428,0.11981649696826935,0.11831408739089966,0.13993144035339355,0.21271739900112152,0.22473768889904022,0.19719356298446655,0.9438507556915283,0.28353047370910645,0.6713375449180603,0.7643312215805054,0.5677888989448547,0.1311885565519333,0.13001607358455658,0.15380997955799103,0.23354822397232056,0.2465856671333313,0.216684952378273,0.0,0.01645338162779808,0.029250457882881165,0.0036563072353601456,0.0,0.002679376397281885,0.004437687341123819,0.0006677461788058281
64,,3119,,,,,,,,,,,,,,,,,,,,,,,,,,,,,,,,,,,,,,,,,,,,,,,,,,2.2262377738952637,,,,,,,,,,,,,,,,,,,,,,,,,,,,,,,,,,,,,,,,,,,,,,,,,,
65,,3120,0.8980169892311096,0.4395831525325775,0.0,0.014678899198770523,0.029357798397541046,0.0036697247996926308,0.005138103384524584,0.00030903733568266034,0.0,0.002371317707002163,0.004403878003358841,0.0006556587759405375,0.0,0.0,0.0,0.0,0.0,0.0,0.0,0.0,0.25711920857429504,0.6099337935447693,0.6980132460594177,0.5172185301780701,0.1215309351682663,0.12002851814031601,0.14107206463813782,0.2136419415473938,0.22597777843475342,0.19856572151184082,0.9434848427772522,0.28262054920196533,0.6689717769622803,0.7643312215805054,0.5681528449058533,0.13307489454746246,0.13190242648124695,0.15506373345851898,0.23459598422050476,0.24795369803905487,0.2181946486234665,0.0,0.014625228941440582,0.029250457882881165,0.0036563072353601456,0.0,0.00236264755949378,0.004387776367366314,0.0006532614934258163,,,,,,,,,,,,,,,,,,,,,,,,,,,,,,,,,,,,,,,,,,,,,,,,,,,
